"","classification","sex","age","total","survived"
"1","1st","Male","Child",1,"Yes"
"2","1st","Male","Child",1,"Yes"
"3","1st","Male","Child",1,"Yes"
"4","1st","Male","Child",1,"Yes"
"5","1st","Male","Child",1,"Yes"
"6","2nd","Male","Child",1,"Yes"
"7","2nd","Male","Child",1,"Yes"
"8","2nd","Male","Child",1,"Yes"
"9","2nd","Male","Child",1,"Yes"
"10","2nd","Male","Child",1,"Yes"
"11","2nd","Male","Child",1,"Yes"
"12","2nd","Male","Child",1,"Yes"
"13","2nd","Male","Child",1,"Yes"
"14","2nd","Male","Child",1,"Yes"
"15","2nd","Male","Child",1,"Yes"
"16","2nd","Male","Child",1,"Yes"
"17","3rd","Male","Child",1,"Yes"
"18","3rd","Male","Child",1,"Yes"
"19","3rd","Male","Child",1,"Yes"
"20","3rd","Male","Child",1,"Yes"
"21","3rd","Male","Child",1,"Yes"
"22","3rd","Male","Child",1,"Yes"
"23","3rd","Male","Child",1,"Yes"
"24","3rd","Male","Child",1,"Yes"
"25","3rd","Male","Child",1,"Yes"
"26","3rd","Male","Child",1,"Yes"
"27","3rd","Male","Child",1,"Yes"
"28","3rd","Male","Child",1,"Yes"
"29","3rd","Male","Child",1,"Yes"
"30","3rd","Male","Child",1,"No"
"31","3rd","Male","Child",1,"No"
"32","3rd","Male","Child",1,"No"
"33","3rd","Male","Child",1,"No"
"34","3rd","Male","Child",1,"No"
"35","3rd","Male","Child",1,"No"
"36","3rd","Male","Child",1,"No"
"37","3rd","Male","Child",1,"No"
"38","3rd","Male","Child",1,"No"
"39","3rd","Male","Child",1,"No"
"40","3rd","Male","Child",1,"No"
“41","3rd","Male","Child",1,"No"
"42","3rd","Male","Child",1,"No"
"43","3rd","Male","Child",1,"No"
"44","3rd","Male","Child",1,"No"
"45","3rd","Male","Child",1,"No"
"46","3rd","Male","Child",1,"No"
"47","3rd","Male","Child",1,"No"
"48","3rd","Male","Child",1,"No"
"49","3rd","Male","Child",1,"No"
"50","3rd","Male","Child",1,"No"
"51","3rd","Male","Child",1,"No"
"52","3rd","Male","Child",1,"No"
"53","3rd","Male","Child",1,"No"
"54","3rd","Male","Child",1,"No"
"55","3rd","Male","Child",1,"No"
"56","3rd","Male","Child",1,"No"
"57","3rd","Male","Child",1,"No"
"58","3rd","Male","Child",1,"No"
"59","3rd","Male","Child",1,"No"
"60","3rd","Male","Child",1,"No"
"61","3rd","Male","Child",1,"No"
"62","3rd","Male","Child",1,"No"
"63","3rd","Male","Child",1,"No"
"64","3rd","Male","Child",1,"No"
"65","1st","Female","Child",1,"No"
"66","2nd","Female","Child",1,"Yes"
"67","2nd","Female","Child",1,"Yes"
"68","2nd","Female","Child",1,"Yes"
"69","2nd","Female","Child",1,"Yes"
"70","2nd","Female","Child",1,"Yes"
"71","2nd","Female","Child",1,"Yes"
"72","2nd","Female","Child",1,"Yes"
"73","2nd","Female","Child",1,"Yes"
"74","2nd","Female","Child",1,"Yes"
"75","2nd","Female","Child",1,"Yes"
"76","2nd","Female","Child",1,"Yes"
"77","2nd","Female","Child",1,"Yes"
"78","2nd","Female","Child",1,"Yes"
"79","3rd","Female","Child",1,"Yes"
"80","3rd","Female","Child",1,"Yes"
"81","3rd","Female","Child",1,"Yes"
"82","3rd","Female","Child",1,"Yes"
"83","3rd","Female","Child",1,"Yes"
"84","3rd","Female","Child",1,"Yes"
"85","3rd","Female","Child",1,"Yes"
"86","3rd","Female","Child",1,"Yes"
"87","3rd","Female","Child",1,"Yes"
"88","3rd","Female","Child",1,"Yes"
"89","3rd","Female","Child",1,"Yes"
"90","3rd","Female","Child",1,"Yes"
"91","3rd","Female","Child",1,"Yes"
"92","3rd","Female","Child",1,"Yes"
"93","3rd","Female","Child",1,"No"
"94","3rd","Female","Child",1,"No"
"95","3rd","Female","Child",1,"No"
"96","3rd","Female","Child",1,"No"
"97","3rd","Female","Child",1,"No"
"98","3rd","Female","Child",1,"No"
"99","3rd","Female","Child",1,"No"
"100","3rd","Female","Child",1,"No"
"101","3rd","Female","Child",1,"No"
"102","3rd","Female","Child",1,"No"
"103","3rd","Female","Child",1,"No"
"104","3rd","Female","Child",1,"No"
"105","3rd","Female","Child",1,"No"
"106","3rd","Female","Child",1,"No"
"107","3rd","Female","Child",1,"No"
"108","3rd","Female","Child",1,"No"
"109","3rd","Female","Child",1,"No"
"110","1st","Male","Adult",1,"Yes"
"111","1st","Male","Adult",1,"Yes"
"112","1st","Male","Adult",1,"Yes"
"113","1st","Male","Adult",1,"Yes"
"114","1st","Male","Adult",1,"Yes"
"115","1st","Male","Adult",1,"Yes"
"116","1st","Male","Adult",1,"Yes"
"117","1st","Male","Adult",1,"Yes"
"118","1st","Male","Adult",1,"Yes"
"119","1st","Male","Adult",1,"Yes"
"120","1st","Male","Adult",1,"Yes"
"121","1st","Male","Adult",1,"Yes"
"122","1st","Male","Adult",1,"Yes"
"123","1st","Male","Adult",1,"Yes"
"124","1st","Male","Adult",1,"Yes"
"125","1st","Male","Adult",1,"Yes"
"126","1st","Male","Adult",1,"Yes"
"127","1st","Male","Adult",1,"Yes"
"128","1st","Male","Adult",1,"Yes"
"129","1st","Male","Adult",1,"Yes"
"130","1st","Male","Adult",1,"Yes"
"131","1st","Male","Adult",1,"Yes"
"132","1st","Male","Adult",1,"Yes"
"133","1st","Male","Adult",1,"Yes"
"134","1st","Male","Adult",1,"Yes"
"135","1st","Male","Adult",1,"Yes"
"136","1st","Male","Adult",1,"Yes"
"137","1st","Male","Adult",1,"Yes"
"138","1st","Male","Adult",1,"Yes"
"139","1st","Male","Adult",1,"Yes"
"140","1st","Male","Adult",1,"Yes"
"141","1st","Male","Adult",1,"Yes"
"142","1st","Male","Adult",1,"Yes"
"143","1st","Male","Adult",1,"Yes"
"144","1st","Male","Adult",1,"Yes"
"145","1st","Male","Adult",1,"Yes"
"146","1st","Male","Adult",1,"Yes"
"147","1st","Male","Adult",1,"Yes"
"148","1st","Male","Adult",1,"Yes"
"149","1st","Male","Adult",1,"Yes"
"150","1st","Male","Adult",1,"Yes"
"151","1st","Male","Adult",1,"Yes"
"152","1st","Male","Adult",1,"Yes"
"153","1st","Male","Adult",1,"Yes"
"154","1st","Male","Adult",1,"Yes"
"155","1st","Male","Adult",1,"Yes"
"156","1st","Male","Adult",1,"Yes"
"157","1st","Male","Adult",1,"Yes"
"158","1st","Male","Adult",1,"Yes"
"159","1st","Male","Adult",1,"Yes"
"160","1st","Male","Adult",1,"Yes"
"161","1st","Male","Adult",1,"Yes"
"162","1st","Male","Adult",1,"Yes"
"163","1st","Male","Adult",1,"Yes"
"164","1st","Male","Adult",1,"Yes"
"165","1st","Male","Adult",1,"Yes"
"166","1st","Male","Adult",1,"Yes"
"167","1st","Male","Adult",1,"No"
"168","1st","Male","Adult",1,"No"
"169","1st","Male","Adult",1,"No"
"170","1st","Male","Adult",1,"No"
"171","1st","Male","Adult",1,"No"
"172","1st","Male","Adult",1,"No"
"173","1st","Male","Adult",1,"No"
"174","1st","Male","Adult",1,"No"
"175","1st","Male","Adult",1,"No"
"176","1st","Male","Adult",1,"No"
"177","1st","Male","Adult",1,"No"
"178","1st","Male","Adult",1,"No"
"179","1st","Male","Adult",1,"No"
"180","1st","Male","Adult",1,"No"
"181","1st","Male","Adult",1,"No"
"182","1st","Male","Adult",1,"No"
"183","1st","Male","Adult",1,"No"
"184","1st","Male","Adult",1,"No"
"185","1st","Male","Adult",1,"No"
"186","1st","Male","Adult",1,"No"
"187","1st","Male","Adult",1,"No"
"188","1st","Male","Adult",1,"No"
"189","1st","Male","Adult",1,"No"
"190","1st","Male","Adult",1,"No"
"191","1st","Male","Adult",1,"No"
"192","1st","Male","Adult",1,"No"
"193","1st","Male","Adult",1,"No"
"194","1st","Male","Adult",1,"No"
"195","1st","Male","Adult",1,"No"
"196","1st","Male","Adult",1,"No"
"197","1st","Male","Adult",1,"No"
"198","1st","Male","Adult",1,"No"
"199","1st","Male","Adult",1,"No"
"200","1st","Male","Adult",1,"No"
"201","1st","Male","Adult",1,"No"
"202","1st","Male","Adult",1,"No"
"203","1st","Male","Adult",1,"No"
"204","1st","Male","Adult",1,"No"
"205","1st","Male","Adult",1,"No"
"206","1st","Male","Adult",1,"No"
"207","1st","Male","Adult",1,"No"
"208","1st","Male","Adult",1,"No"
"209","1st","Male","Adult",1,"No"
"210","1st","Male","Adult",1,"No"
"211","1st","Male","Adult",1,"No"
"212","1st","Male","Adult",1,"No"
"213","1st","Male","Adult",1,"No"
"214","1st","Male","Adult",1,"No"
"215","1st","Male","Adult",1,"No"
"216","1st","Male","Adult",1,"No"
"217","1st","Male","Adult",1,"No"
"218","1st","Male","Adult",1,"No"
“219","1st","Male","Adult",1,"No"
"220","1st","Male","Adult",1,"No"
"221","1st","Male","Adult",1,"No"
"222","1st","Male","Adult",1,"No"
"223","1st","Male","Adult",1,"No"
"224","1st","Male","Adult",1,"No"
"225","1st","Male","Adult",1,"No"
"226","1st","Male","Adult",1,"No"
"227","1st","Male","Adult",1,"No"
"228","1st","Male","Adult",1,"No"
"229","1st","Male","Adult",1,"No"
"230","1st","Male","Adult",1,"No"
"231","1st","Male","Adult",1,"No"
"232","1st","Male","Adult",1,"No"
"233","1st","Male","Adult",1,"No"
"234","1st","Male","Adult",1,"No"
"235","1st","Male","Adult",1,"No"
"236","1st","Male","Adult",1,"No"
"237","1st","Male","Adult",1,"No"
"238","1st","Male","Adult",1,"No"
"239","1st","Male","Adult",1,"No"
"240","1st","Male","Adult",1,"No"
"241","1st","Male","Adult",1,"No"
"242","1st","Male","Adult",1,"No"
"243","1st","Male","Adult",1,"No"
"244","1st","Male","Adult",1,"No"
"245","1st","Male","Adult",1,"No"
"246","1st","Male","Adult",1,"No"
"247","1st","Male","Adult",1,"No"
"248","1st","Male","Adult",1,"No"
"249","1st","Male","Adult",1,"No"
"250","1st","Male","Adult",1,"No"
"251","1st","Male","Adult",1,"No"
"252","1st","Male","Adult",1,"No"
"253","1st","Male","Adult",1,"No"
"254","1st","Male","Adult",1,"No"
"255","1st","Male","Adult",1,"No"
"256","1st","Male","Adult",1,"No"
"257","1st","Male","Adult",1,"No"
"258","1st","Male","Adult",1,"No"
"259","1st","Male","Adult",1,"No"
"260","1st","Male","Adult",1,"No"
"261","1st","Male","Adult",1,"No"
"262","1st","Male","Adult",1,"No"
"263","1st","Male","Adult",1,"No"
"264","1st","Male","Adult",1,"No"
"265","1st","Male","Adult",1,"No"
"266","1st","Male","Adult",1,"No"
"267","1st","Male","Adult",1,"No"
"268","1st","Male","Adult",1,"No"
"269","1st","Male","Adult",1,"No"
"270","1st","Male","Adult",1,"No"
"271","1st","Male","Adult",1,"No"
"272","1st","Male","Adult",1,"No"
"273","1st","Male","Adult",1,"No"
"274","1st","Male","Adult",1,"No"
"275","1st","Male","Adult",1,"No"
"276","1st","Male","Adult",1,"No"
"277","1st","Male","Adult",1,"No"
"278","1st","Male","Adult",1,"No"
"279","1st","Male","Adult",1,"No"
"280","1st","Male","Adult",1,"No"
"281","1st","Male","Adult",1,"No"
"282","1st","Male","Adult",1,"No"
"283","1st","Male","Adult",1,"No"
"284","1st","Male","Adult",1,"No"
"285","2nd","Male","Adult",1,"Yes"
"286","2nd","Male","Adult",1,"Yes"
"287","2nd","Male","Adult",1,"Yes"
"288","2nd","Male","Adult",1,"Yes"
"289","2nd","Male","Adult",1,"Yes"
"290","2nd","Male","Adult",1,"Yes"
"291","2nd","Male","Adult",1,"Yes"
"292","2nd","Male","Adult",1,"Yes"
"293","2nd","Male","Adult",1,"Yes"
"294","2nd","Male","Adult",1,"Yes"
"295","2nd","Male","Adult",1,"Yes"
"296","2nd","Male","Adult",1,"Yes"
"297","2nd","Male","Adult",1,"Yes"
"298","2nd","Male","Adult",1,"Yes"
"299","2nd","Male","Adult",1,"No"
"300","2nd","Male","Adult",1,"No"
"301","2nd","Male","Adult",1,"No"
"302","2nd","Male","Adult",1,"No"
"303","2nd","Male","Adult",1,"No"
"304","2nd","Male","Adult",1,"No"
"305","2nd","Male","Adult",1,"No"
"306","2nd","Male","Adult",1,"No"
"307","2nd","Male","Adult",1,"No"
"308","2nd","Male","Adult",1,"No"
"309","2nd","Male","Adult",1,"No"
"310","2nd","Male","Adult",1,"No"
"311","2nd","Male","Adult",1,"No"
"312","2nd","Male","Adult",1,"No"
"313","2nd","Male","Adult",1,"No"
"314","2nd","Male","Adult",1,"No"
"315","2nd","Male","Adult",1,"No"
"316","2nd","Male","Adult",1,"No"
"317","2nd","Male","Adult",1,"No"
"318","2nd","Male","Adult",1,"No"
"319","2nd","Male","Adult",1,"No"
"320","2nd","Male","Adult",1,"No"
"321","2nd","Male","Adult",1,"No"
"322","2nd","Male","Adult",1,"No"
"323","2nd","Male","Adult",1,"No"
"324","2nd","Male","Adult",1,"No"
"325","2nd","Male","Adult",1,"No"
"326","2nd","Male","Adult",1,"No"
"327","2nd","Male","Adult",1,"No"
"328","2nd","Male","Adult",1,"No"
"329","2nd","Male","Adult",1,"No"
"330","2nd","Male","Adult",1,"No"
"331","2nd","Male","Adult",1,"No"
"332","2nd","Male","Adult",1,"No"
"333","2nd","Male","Adult",1,"No"
"334","2nd","Male","Adult",1,"No"
"335","2nd","Male","Adult",1,"No"
"336","2nd","Male","Adult",1,"No"
"337","2nd","Male","Adult",1,"No"
"338","2nd","Male","Adult",1,"No"
"339","2nd","Male","Adult",1,"No"
"340","2nd","Male","Adult",1,"No"
"341","2nd","Male","Adult",1,"No"
"342","2nd","Male","Adult",1,"No"
"343","2nd","Male","Adult",1,"No"
"344","2nd","Male","Adult",1,"No"
"345","2nd","Male","Adult",1,"No"
"346","2nd","Male","Adult",1,"No"
"347","2nd","Male","Adult",1,"No"
"348","2nd","Male","Adult",1,"No"
"349","2nd","Male","Adult",1,"No"
"350","2nd","Male","Adult",1,"No"
"351","2nd","Male","Adult",1,"No"
"352","2nd","Male","Adult",1,"No"
"353","2nd","Male","Adult",1,"No"
"354","2nd","Male","Adult",1,"No"
"355","2nd","Male","Adult",1,"No"
"356","2nd","Male","Adult",1,"No"
"357","2nd","Male","Adult",1,"No"
"358","2nd","Male","Adult",1,"No"
"359","2nd","Male","Adult",1,"No"
"360","2nd","Male","Adult",1,"No"
"361","2nd","Male","Adult",1,"No"
"362","2nd","Male","Adult",1,"No"
"363","2nd","Male","Adult",1,"No"
"364","2nd","Male","Adult",1,"No"
"365","2nd","Male","Adult",1,"No"
"366","2nd","Male","Adult",1,"No"
"367","2nd","Male","Adult",1,"No"
"368","2nd","Male","Adult",1,"No"
"369","2nd","Male","Adult",1,"No"
"370","2nd","Male","Adult",1,"No"
"371","2nd","Male","Adult",1,"No"
"372","2nd","Male","Adult",1,"No"
"373","2nd","Male","Adult",1,"No"
"374","2nd","Male","Adult",1,"No"
"375","2nd","Male","Adult",1,"No"
"376","2nd","Male","Adult",1,"No"
"377","2nd","Male","Adult",1,"No"
"378","2nd","Male","Adult",1,"No"
"379","2nd","Male","Adult",1,"No"
"380","2nd","Male","Adult",1,"No"
"381","2nd","Male","Adult",1,"No"
"382","2nd","Male","Adult",1,"No"
"383","2nd","Male","Adult",1,"No"
"384","2nd","Male","Adult",1,"No"
"385","2nd","Male","Adult",1,"No"
"386","2nd","Male","Adult",1,"No"
"387","2nd","Male","Adult",1,"No"
"388","2nd","Male","Adult",1,"No"
"389","2nd","Male","Adult",1,"No"
"390","2nd","Male","Adult",1,"No"
"391","2nd","Male","Adult",1,"No"
"392","2nd","Male","Adult",1,"No"
"393","2nd","Male","Adult",1,"No"
"394","2nd","Male","Adult",1,"No"
"395","2nd","Male","Adult",1,"No"
"396","2nd","Male","Adult",1,"No"
"397","2nd","Male","Adult",1,"No"
"398","2nd","Male","Adult",1,"No"
"399","2nd","Male","Adult",1,"No"
"400","2nd","Male","Adult",1,"No"
"401","2nd","Male","Adult",1,"No"
"402","2nd","Male","Adult",1,"No"
"403","2nd","Male","Adult",1,"No"
"404","2nd","Male","Adult",1,"No"
"405","2nd","Male","Adult",1,"No"
"406","2nd","Male","Adult",1,"No"
"407","2nd","Male","Adult",1,"No"
"408","2nd","Male","Adult",1,"No"
"409","2nd","Male","Adult",1,"No"
"410","2nd","Male","Adult",1,"No"
"411","2nd","Male","Adult",1,"No"
"412","2nd","Male","Adult",1,"No"
"413","2nd","Male","Adult",1,"No"
"414","2nd","Male","Adult",1,"No"
"415","2nd","Male","Adult",1,"No"
"416","2nd","Male","Adult",1,"No"
"417","2nd","Male","Adult",1,"No"
"418","2nd","Male","Adult",1,"No"
"419","2nd","Male","Adult",1,"No"
"420","2nd","Male","Adult",1,"No"
"421","2nd","Male","Adult",1,"No"
"422","2nd","Male","Adult",1,"No"
"423","2nd","Male","Adult",1,"No"
"424","2nd","Male","Adult",1,"No"
"425","2nd","Male","Adult",1,"No"
"426","2nd","Male","Adult",1,"No"
"427","2nd","Male","Adult",1,"No"
"428","2nd","Male","Adult",1,"No"
"429","2nd","Male","Adult",1,"No"
"430","2nd","Male","Adult",1,"No"
"431","2nd","Male","Adult",1,"No"
"432","2nd","Male","Adult",1,"No"
"433","2nd","Male","Adult",1,"No"
"434","2nd","Male","Adult",1,"No"
"435","2nd","Male","Adult",1,"No"
"436","2nd","Male","Adult",1,"No"
"437","2nd","Male","Adult",1,"No"
"438","2nd","Male","Adult",1,"No"
"439","2nd","Male","Adult",1,"No"
"440","2nd","Male","Adult",1,"No"
"441","2nd","Male","Adult",1,"No"
"442","2nd","Male","Adult",1,"No"
"443","2nd","Male","Adult",1,"No"
"444","2nd","Male","Adult",1,"No"
"445","2nd","Male","Adult",1,"No"
"446","2nd","Male","Adult",1,"No"
"447","2nd","Male","Adult",1,"No"
"448","2nd","Male","Adult",1,"No"
"449","2nd","Male","Adult",1,"No"
"450","2nd","Male","Adult",1,"No"
"451","2nd","Male","Adult",1,"No"
"452","2nd","Male","Adult",1,"No"
"453","3rd","Male","Adult",1,"Yes"
"454","3rd","Male","Adult",1,"Yes"
"455","3rd","Male","Adult",1,"Yes"
"456","3rd","Male","Adult",1,"Yes"
"457","3rd","Male","Adult",1,"Yes"
"458","3rd","Male","Adult",1,"Yes"
"459","3rd","Male","Adult",1,"Yes"
"460","3rd","Male","Adult",1,"Yes"
"461","3rd","Male","Adult",1,"Yes"
"462","3rd","Male","Adult",1,"Yes"
"463","3rd","Male","Adult",1,"Yes"
"464","3rd","Male","Adult",1,"Yes"
"465","3rd","Male","Adult",1,"Yes"
"466","3rd","Male","Adult",1,"Yes"
"467","3rd","Male","Adult",1,"Yes"
"468","3rd","Male","Adult",1,"Yes"
"469","3rd","Male","Adult",1,"Yes"
"470","3rd","Male","Adult",1,"Yes"
"471","3rd","Male","Adult",1,"Yes"
"472","3rd","Male","Adult",1,"Yes"
"473","3rd","Male","Adult",1,"Yes"
"474","3rd","Male","Adult",1,"Yes"
"475","3rd","Male","Adult",1,"Yes"
"476","3rd","Male","Adult",1,"Yes"
"477","3rd","Male","Adult",1,"Yes"
"478","3rd","Male","Adult",1,"Yes"
"479","3rd","Male","Adult",1,"Yes"
"480","3rd","Male","Adult",1,"Yes"
"481","3rd","Male","Adult",1,"Yes"
"482","3rd","Male","Adult",1,"Yes"
"483","3rd","Male","Adult",1,"Yes"
"484","3rd","Male","Adult",1,"Yes"
"485","3rd","Male","Adult",1,"Yes"
"486","3rd","Male","Adult",1,"Yes"
"487","3rd","Male","Adult",1,"Yes"
"488","3rd","Male","Adult",1,"Yes"
"489","3rd","Male","Adult",1,"Yes"
"490","3rd","Male","Adult",1,"Yes"
"491","2nd","Female","Adult",1,"No"
"492","2nd","Female","Adult",1,"No"
"493","2nd","Female","Adult",1,"No"
"494","2nd","Female","Adult",1,"No"
"495","2nd","Female","Adult",1,"No"
"496","2nd","Female","Adult",1,"No"
"497","2nd","Female","Adult",1,"No"
"498","2nd","Female","Adult",1,"No"
"499","2nd","Female","Adult",1,"No"
"500","3rd","Male","Adult",1,"Yes"
"501","3rd","Male","Adult",1,"Yes"
"502","3rd","Male","Adult",1,"Yes"
"503","3rd","Male","Adult",1,"Yes"
"504","3rd","Male","Adult",1,"Yes"
"505","3rd","Male","Adult",1,"Yes"
"506","3rd","Male","Adult",1,"Yes"
"507","3rd","Male","Adult",1,"Yes"
"508","3rd","Male","Adult",1,"Yes"
"509","3rd","Male","Adult",1,"Yes"
"510","3rd","Male","Adult",1,"Yes"
"511","3rd","Male","Adult",1,"Yes"
"512","3rd","Male","Adult",1,"Yes"
"513","3rd","Male","Adult",1,"Yes"
"514","3rd","Male","Adult",1,"Yes"
"515","3rd","Male","Adult",1,"Yes"
"516","3rd","Male","Adult",1,"Yes"
"517","3rd","Male","Adult",1,"Yes"
"518","3rd","Male","Adult",1,"Yes"
"519","3rd","Male","Adult",1,"Yes"
"520","3rd","Male","Adult",1,"Yes"
"521","3rd","Male","Adult",1,"Yes"
"522","3rd","Male","Adult",1,"Yes"
"523","3rd","Male","Adult",1,"Yes"
"524","3rd","Male","Adult",1,"Yes"
"525","3rd","Male","Adult",1,"Yes"
"526","3rd","Male","Adult",1,"Yes"
"527","3rd","Male","Adult",1,"Yes"
"528","3rd","Male","Adult",1,"Yes"
"529","3rd","Male","Adult",1,"Yes"
"530","3rd","Male","Adult",1,"Yes"
"531","3rd","Male","Adult",1,"Yes"
"532","3rd","Male","Adult",1,"Yes"
"533","3rd","Male","Adult",1,"Yes"
"534","3rd","Male","Adult",1,"Yes"
"535","3rd","Male","Adult",1,"Yes"
"536","3rd","Male","Adult",1,"Yes"
"537","3rd","Male","Adult",1,"No"
"538","3rd","Male","Adult",1,"No"
"539","3rd","Male","Adult",1,"No"
"540","3rd","Male","Adult",1,"No"
"541","3rd","Male","Adult",1,"No"
"542","3rd","Male","Adult",1,"No"
"543","3rd","Male","Adult",1,"No"
"544","3rd","Male","Adult",1,"No"
"545","3rd","Male","Adult",1,"No"
"546","3rd","Male","Adult",1,"No"
"547","3rd","Male","Adult",1,"No"
"548","3rd","Male","Adult",1,"No"
"549","3rd","Male","Adult",1,"No"
"550","3rd","Male","Adult",1,"No"
"551","3rd","Male","Adult",1,"No"
"552","3rd","Male","Adult",1,"No"
"553","3rd","Male","Adult",1,"No"
"554","3rd","Male","Adult",1,"No"
"555","3rd","Male","Adult",1,"No"
"556","3rd","Male","Adult",1,"No"
"557","3rd","Male","Adult",1,"No"
"558","3rd","Male","Adult",1,"No"
"559","3rd","Male","Adult",1,"No"
"560","3rd","Male","Adult",1,"No"
"561","3rd","Male","Adult",1,"No"
"562","3rd","Male","Adult",1,"No"
"563","3rd","Male","Adult",1,"No"
"564","3rd","Male","Adult",1,"No"
"565","3rd","Male","Adult",1,"No"
"566","3rd","Male","Adult",1,"No"
"567","3rd","Male","Adult",1,"No"
"568","3rd","Male","Adult",1,"No"
"569","3rd","Male","Adult",1,"No"
"570","3rd","Male","Adult",1,"No"
"571","3rd","Male","Adult",1,"No"
"572","3rd","Male","Adult",1,"No"
"573","3rd","Male","Adult",1,"No"
"574","3rd","Male","Adult",1,"No"
"575","3rd","Male","Adult",1,"No"
"576","3rd","Male","Adult",1,"No"
"577","3rd","Male","Adult",1,"No"
"578","3rd","Male","Adult",1,"No"
"579","3rd","Male","Adult",1,"No"
"580","3rd","Male","Adult",1,"No"
"581","3rd","Male","Adult",1,"No"
"582","3rd","Male","Adult",1,"No"
"583","3rd","Male","Adult",1,"No"
"584","3rd","Male","Adult",1,"No"
"585","3rd","Male","Adult",1,"No"
"586","3rd","Male","Adult",1,"No"
"587","3rd","Male","Adult",1,"No"
"588","3rd","Male","Adult",1,"No"
"589","3rd","Male","Adult",1,"No"
"590","3rd","Male","Adult",1,"No"
"591","3rd","Male","Adult",1,"No"
"592","3rd","Male","Adult",1,"No"
"593","3rd","Male","Adult",1,"No"
"594","3rd","Male","Adult",1,"No"
"595","3rd","Male","Adult",1,"No"
"596","3rd","Male","Adult",1,"No"
"597","3rd","Male","Adult",1,"No"
"598","3rd","Male","Adult",1,"No"
"599","3rd","Male","Adult",1,"No"
"600","3rd","Male","Adult",1,"No"
"601","3rd","Male","Adult",1,"No"
"602","3rd","Male","Adult",1,"No"
"603","3rd","Male","Adult",1,"No"
"604","3rd","Male","Adult",1,"No"
"605","3rd","Male","Adult",1,"No"
"606","3rd","Male","Adult",1,"No"
"607","3rd","Male","Adult",1,"No"
"608","3rd","Male","Adult",1,"No"
"609","3rd","Male","Adult",1,"No"
"610","3rd","Male","Adult",1,"No"
"611","3rd","Male","Adult",1,"No"
"612","3rd","Male","Adult",1,"No"
"613","3rd","Male","Adult",1,"No"
"614","3rd","Male","Adult",1,"No"
"615","3rd","Male","Adult",1,"No"
"616","3rd","Male","Adult",1,"No"
"617","3rd","Male","Adult",1,"No"
"618","3rd","Male","Adult",1,"No"
"619","3rd","Male","Adult",1,"No"
"620","3rd","Male","Adult",1,"No"
"621","3rd","Male","Adult",1,"No"
"622","3rd","Male","Adult",1,"No"
"623","3rd","Male","Adult",1,"No"
"624","3rd","Male","Adult",1,"No"
"625","3rd","Male","Adult",1,"No"
"626","3rd","Male","Adult",1,"No"
"627","3rd","Male","Adult",1,"No"
"628","3rd","Male","Adult",1,"No"
"629","3rd","Male","Adult",1,"No"
"630","3rd","Male","Adult",1,"No"
"631","3rd","Male","Adult",1,"No"
"632","3rd","Male","Adult",1,"No"
"633","3rd","Male","Adult",1,"No"
"634","3rd","Male","Adult",1,"No"
"635","3rd","Male","Adult",1,"No"
"636","3rd","Male","Adult",1,"No"
"637","3rd","Male","Adult",1,"No"
"638","3rd","Male","Adult",1,"No"
"639","3rd","Male","Adult",1,"No"
"640","3rd","Male","Adult",1,"No"
"641","3rd","Male","Adult",1,"No"
"642","3rd","Male","Adult",1,"No"
"643","3rd","Male","Adult",1,"No"
"644","3rd","Male","Adult",1,"No"
"645","3rd","Male","Adult",1,"No"
"646","3rd","Male","Adult",1,"No"
"647","3rd","Male","Adult",1,"No"
"648","3rd","Male","Adult",1,"No"
"649","3rd","Male","Adult",1,"No"
"650","3rd","Male","Adult",1,"No"
"651","3rd","Male","Adult",1,"No"
"652","3rd","Male","Adult",1,"No"
"653","3rd","Male","Adult",1,"No"
"654","3rd","Male","Adult",1,"No"
"655","3rd","Male","Adult",1,"No"
"656","3rd","Male","Adult",1,"No"
"657","3rd","Male","Adult",1,"No"
"658","3rd","Male","Adult",1,"No"
"659","3rd","Male","Adult",1,"No"
"660","3rd","Male","Adult",1,"No"
"661","3rd","Male","Adult",1,"No"
"662","3rd","Male","Adult",1,"No"
"663","3rd","Male","Adult",1,"No"
"664","3rd","Male","Adult",1,"No"
"665","3rd","Male","Adult",1,"No"
"666","3rd","Male","Adult",1,"No"
"667","3rd","Male","Adult",1,"No"
"668","3rd","Male","Adult",1,"No"
"669","3rd","Male","Adult",1,"No"
"670","3rd","Male","Adult",1,"No"
"671","3rd","Male","Adult",1,"No"
"672","3rd","Male","Adult",1,"No"
"673","3rd","Male","Adult",1,"No"
"674","3rd","Male","Adult",1,"No"
"675","3rd","Male","Adult",1,"No"
"676","3rd","Male","Adult",1,"No"
"677","3rd","Male","Adult",1,"No"
"678","3rd","Male","Adult",1,"No"
"679","3rd","Male","Adult",1,"No"
"680","3rd","Male","Adult",1,"No"
"681","3rd","Male","Adult",1,"No"
"682","3rd","Male","Adult",1,"No"
"683","3rd","Male","Adult",1,"No"
"684","3rd","Male","Adult",1,"No"
"685","3rd","Male","Adult",1,"No"
"686","3rd","Male","Adult",1,"No"
"687","3rd","Male","Adult",1,"No"
"688","3rd","Male","Adult",1,"No"
"689","3rd","Male","Adult",1,"No"
"690","3rd","Male","Adult",1,"No"
"691","3rd","Male","Adult",1,"No"
"692","3rd","Male","Adult",1,"No"
"693","3rd","Male","Adult",1,"No"
"694","3rd","Male","Adult",1,"No"
"695","3rd","Male","Adult",1,"No"
"696","3rd","Male","Adult",1,"No"
"697","3rd","Male","Adult",1,"No"
"698","3rd","Male","Adult",1,"No"
"699","3rd","Male","Adult",1,"No"
"700","3rd","Male","Adult",1,"No"
"701","3rd","Male","Adult",1,"No"
"702","3rd","Male","Adult",1,"No"
"703","3rd","Male","Adult",1,"No"
"704","3rd","Male","Adult",1,"No"
"705","3rd","Male","Adult",1,"No"
"706","3rd","Male","Adult",1,"No"
"707","3rd","Male","Adult",1,"No"
"708","3rd","Male","Adult",1,"No"
"709","3rd","Male","Adult",1,"No"
"710","3rd","Male","Adult",1,"No"
"711","3rd","Male","Adult",1,"No"
"712","3rd","Male","Adult",1,"No"
"713","3rd","Male","Adult",1,"No"
"714","3rd","Male","Adult",1,"No"
"715","3rd","Male","Adult",1,"No"
"716","3rd","Male","Adult",1,"No"
"717","3rd","Male","Adult",1,"No"
"718","3rd","Male","Adult",1,"No"
"719","3rd","Male","Adult",1,"No"
"720","3rd","Male","Adult",1,"No"
"721","3rd","Male","Adult",1,"No"
"722","3rd","Male","Adult",1,"No"
"723","3rd","Male","Adult",1,"No"
"724","3rd","Male","Adult",1,"No"
"725","3rd","Male","Adult",1,"No"
"726","3rd","Male","Adult",1,"No"
"727","3rd","Male","Adult",1,"No"
"728","3rd","Male","Adult",1,"No"
"729","3rd","Male","Adult",1,"No"
"730","3rd","Male","Adult",1,"No"
"731","3rd","Male","Adult",1,"No"
"732","3rd","Male","Adult",1,"No"
"733","3rd","Male","Adult",1,"No"
"734","3rd","Male","Adult",1,"No"
"735","3rd","Male","Adult",1,"No"
"736","3rd","Male","Adult",1,"No"
"737","3rd","Male","Adult",1,"No"
"738","3rd","Male","Adult",1,"No"
"739","3rd","Male","Adult",1,"No"
"740","3rd","Male","Adult",1,"No"
"741","3rd","Male","Adult",1,"No"
"742","3rd","Male","Adult",1,"No"
"743","3rd","Male","Adult",1,"No"
"744","3rd","Male","Adult",1,"No"
"745","3rd","Male","Adult",1,"No"
"746","3rd","Male","Adult",1,"No"
"747","3rd","Male","Adult",1,"No"
"748","3rd","Male","Adult",1,"No"
"749","3rd","Male","Adult",1,"No"
"750","3rd","Male","Adult",1,"No"
"751","3rd","Male","Adult",1,"No"
"752","3rd","Male","Adult",1,"No"
"753","3rd","Male","Adult",1,"No"
"754","3rd","Male","Adult",1,"No"
"755","3rd","Male","Adult",1,"No"
"756","3rd","Male","Adult",1,"No"
"757","3rd","Male","Adult",1,"No"
"758","3rd","Male","Adult",1,"No"
"759","3rd","Male","Adult",1,"No"
"760","3rd","Male","Adult",1,"No"
"761","3rd","Male","Adult",1,"No"
"762","3rd","Male","Adult",1,"No"
"763","3rd","Male","Adult",1,"No"
"764","3rd","Male","Adult",1,"No"
"765","3rd","Male","Adult",1,"No"
"766","3rd","Male","Adult",1,"No"
"767","3rd","Male","Adult",1,"No"
"768","3rd","Male","Adult",1,"No"
"769","3rd","Male","Adult",1,"No"
"770","3rd","Male","Adult",1,"No"
"771","3rd","Male","Adult",1,"No"
"772","3rd","Male","Adult",1,"No"
"773","3rd","Male","Adult",1,"No"
"774","3rd","Male","Adult",1,"No"
"775","3rd","Male","Adult",1,"No"
"776","3rd","Male","Adult",1,"No"
"777","3rd","Male","Adult",1,"No"
"778","3rd","Male","Adult",1,"No"
"779","3rd","Male","Adult",1,"No"
"780","3rd","Male","Adult",1,"No"
"781","3rd","Male","Adult",1,"No"
"782","3rd","Male","Adult",1,"No"
"783","3rd","Male","Adult",1,"No"
"784","3rd","Male","Adult",1,"No"
"785","3rd","Male","Adult",1,"No"
"786","3rd","Male","Adult",1,"No"
"787","3rd","Male","Adult",1,"No"
"788","3rd","Male","Adult",1,"No"
"789","3rd","Male","Adult",1,"No"
"790","3rd","Male","Adult",1,"No"
"791","3rd","Male","Adult",1,"No"
"792","3rd","Male","Adult",1,"No"
"793","3rd","Male","Adult",1,"No"
"794","3rd","Male","Adult",1,"No"
"795","3rd","Male","Adult",1,"No"
"796","3rd","Male","Adult",1,"No"
"797","3rd","Male","Adult",1,"No"
"798","3rd","Male","Adult",1,"No"
"799","3rd","Male","Adult",1,"No"
"800","3rd","Male","Adult",1,"No"
"801","3rd","Male","Adult",1,"No"
"802","3rd","Male","Adult",1,"No"
"803","3rd","Male","Adult",1,"No"
"804","3rd","Male","Adult",1,"No"
"805","3rd","Male","Adult",1,"No"
"806","3rd","Male","Adult",1,"No"
"807","3rd","Male","Adult",1,"No"
"808","3rd","Male","Adult",1,"No"
"809","3rd","Male","Adult",1,"No"
"810","3rd","Male","Adult",1,"No"
"811","3rd","Male","Adult",1,"No"
"812","3rd","Male","Adult",1,"No"
"813","3rd","Male","Adult",1,"No"
"814","3rd","Male","Adult",1,"No"
"815","3rd","Male","Adult",1,"No"
"816","3rd","Male","Adult",1,"No"
"817","3rd","Male","Adult",1,"No"
"818","3rd","Male","Adult",1,"No"
"819","3rd","Male","Adult",1,"No"
"820","3rd","Male","Adult",1,"No"
"821","3rd","Male","Adult",1,"No"
"822","3rd","Male","Adult",1,"No"
"823","3rd","Male","Adult",1,"No"
"824","3rd","Male","Adult",1,"No"
"825","3rd","Male","Adult",1,"No"
"826","3rd","Male","Adult",1,"No"
"827","3rd","Male","Adult",1,"No"
"828","3rd","Male","Adult",1,"No"
"829","3rd","Male","Adult",1,"No"
"830","3rd","Male","Adult",1,"No"
"831","3rd","Male","Adult",1,"No"
"832","3rd","Male","Adult",1,"No"
"833","3rd","Male","Adult",1,"No"
"834","3rd","Male","Adult",1,"No"
"835","3rd","Male","Adult",1,"No"
"836","3rd","Male","Adult",1,"No"
"837","3rd","Male","Adult",1,"No"
"838","3rd","Male","Adult",1,"No"
"839","3rd","Male","Adult",1,"No"
"840","3rd","Male","Adult",1,"No"
"841","3rd","Male","Adult",1,"No"
"842","3rd","Male","Adult",1,"No"
"843","3rd","Male","Adult",1,"No"
"844","3rd","Male","Adult",1,"No"
"845","3rd","Male","Adult",1,"No"
"846","3rd","Male","Adult",1,"No"
"847","3rd","Male","Adult",1,"No"
"848","3rd","Male","Adult",1,"No"
"849","3rd","Male","Adult",1,"No"
"850","3rd","Male","Adult",1,"No"
"851","3rd","Male","Adult",1,"No"
"852","3rd","Male","Adult",1,"No"
"853","3rd","Male","Adult",1,"No"
"854","3rd","Male","Adult",1,"No"
"855","3rd","Male","Adult",1,"No"
"856","3rd","Male","Adult",1,"No"
"857","3rd","Male","Adult",1,"No"
"858","3rd","Male","Adult",1,"No"
"859","3rd","Male","Adult",1,"No"
"860","3rd","Male","Adult",1,"No"
"861","3rd","Male","Adult",1,"No"
"862","3rd","Male","Adult",1,"No"
"863","3rd","Male","Adult",1,"No"
"864","3rd","Male","Adult",1,"No"
"865","3rd","Male","Adult",1,"No"
"866","3rd","Male","Adult",1,"No"
"867","3rd","Male","Adult",1,"No"
"868","3rd","Male","Adult",1,"No"
"869","3rd","Male","Adult",1,"No"
"870","3rd","Male","Adult",1,"No"
"871","3rd","Male","Adult",1,"No"
"872","3rd","Male","Adult",1,"No"
"873","3rd","Male","Adult",1,"No"
"874","3rd","Male","Adult",1,"No"
"875","3rd","Male","Adult",1,"No"
"876","3rd","Male","Adult",1,"No"
"877","3rd","Male","Adult",1,"No"
"878","3rd","Male","Adult",1,"No"
"879","3rd","Male","Adult",1,"No"
"880","3rd","Male","Adult",1,"No"
"881","3rd","Male","Adult",1,"No"
"882","3rd","Male","Adult",1,"No"
"883","3rd","Male","Adult",1,"No"
"884","3rd","Male","Adult",1,"No"
"885","3rd","Male","Adult",1,"No"
"886","3rd","Male","Adult",1,"No"
"887","3rd","Male","Adult",1,"No"
"888","3rd","Male","Adult",1,"No"
"889","3rd","Male","Adult",1,"No"
"890","3rd","Male","Adult",1,"No"
"891","3rd","Male","Adult",1,"No"
"892","3rd","Male","Adult",1,"No"
"893","3rd","Male","Adult",1,"No"
"894","3rd","Male","Adult",1,"No"
"895","3rd","Male","Adult",1,"No"
"896","3rd","Male","Adult",1,"No"
"897","3rd","Male","Adult",1,"No"
"898","3rd","Male","Adult",1,"No"
"899","3rd","Male","Adult",1,"No"
"900","3rd","Male","Adult",1,"No"
"901","3rd","Male","Adult",1,"No"
"902","3rd","Male","Adult",1,"No"
"903","3rd","Male","Adult",1,"No"
"904","3rd","Male","Adult",1,"No"
"905","3rd","Male","Adult",1,"No"
"906","3rd","Male","Adult",1,"No"
"907","3rd","Male","Adult",1,"No"
"908","3rd","Male","Adult",1,"No"
"909","3rd","Male","Adult",1,"No"
"910","3rd","Male","Adult",1,"No"
"911","3rd","Male","Adult",1,"No"
"912","3rd","Male","Adult",1,"No"
"913","3rd","Male","Adult",1,"No"
"914","3rd","Male","Adult",1,"No"
"915","3rd","Male","Adult",1,"No"
"916","3rd","Male","Adult",1,"No"
"917","3rd","Male","Adult",1,"No"
"918","3rd","Male","Adult",1,"No"
"919","3rd","Male","Adult",1,"No"
"920","3rd","Male","Adult",1,"No"
"921","3rd","Male","Adult",1,"No"
"922","3rd","Male","Adult",1,"No"
"923","3rd","Male","Adult",1,"No"
"924","Crew","Male","Adult",1,"Yes"
"925","Crew","Male","Adult",1,"Yes"
"926","Crew","Male","Adult",1,"Yes"
"927","Crew","Male","Adult",1,"Yes"
"928","Crew","Male","Adult",1,"Yes"
"929","Crew","Male","Adult",1,"Yes"
"930","Crew","Male","Adult",1,"Yes"
"931","Crew","Male","Adult",1,"Yes"
"932","Crew","Male","Adult",1,"Yes"
"933","Crew","Male","Adult",1,"Yes"
"934","Crew","Male","Adult",1,"Yes"
"935","Crew","Male","Adult",1,"Yes"
"936","Crew","Male","Adult",1,"Yes"
"937","Crew","Male","Adult",1,"Yes"
"938","Crew","Male","Adult",1,"Yes"
"939","Crew","Male","Adult",1,"Yes"
"940","Crew","Male","Adult",1,"Yes"
"941","Crew","Male","Adult",1,"Yes"
"942","Crew","Male","Adult",1,"Yes"
"943","Crew","Male","Adult",1,"Yes"
"944","Crew","Male","Adult",1,"Yes"
"945","Crew","Male","Adult",1,"Yes"
"946","Crew","Male","Adult",1,"Yes"
"947","Crew","Male","Adult",1,"Yes"
"948","Crew","Male","Adult",1,"Yes"
"949","Crew","Male","Adult",1,"Yes"
"950","Crew","Male","Adult",1,"Yes"
"951","Crew","Male","Adult",1,"Yes"
"952","Crew","Male","Adult",1,"Yes"
"953","Crew","Male","Adult",1,"Yes"
"954","Crew","Male","Adult",1,"Yes"
"955","Crew","Male","Adult",1,"Yes"
"956","Crew","Male","Adult",1,"Yes"
"957","Crew","Male","Adult",1,"Yes"
"958","Crew","Male","Adult",1,"Yes"
“959","Crew","Male","Adult",1,"Yes"
“960","Crew","Male","Adult",1,"Yes"
"961","Crew","Male","Adult",1,"Yes"
"962","Crew","Male","Adult",1,"Yes"
"963","Crew","Male","Adult",1,"Yes"
"964","Crew","Male","Adult",1,"Yes"
"965","Crew","Male","Adult",1,"Yes"
"966","Crew","Male","Adult",1,"Yes"
"967","Crew","Male","Adult",1,"Yes"
"968","Crew","Male","Adult",1,"Yes"
"969","Crew","Male","Adult",1,"Yes"
"970","Crew","Male","Adult",1,"Yes"
"971","Crew","Male","Adult",1,"Yes"
"972","Crew","Male","Adult",1,"Yes"
"973","Crew","Male","Adult",1,"Yes"
"974","Crew","Male","Adult",1,"Yes"
"975","Crew","Male","Adult",1,"Yes"
"976","Crew","Male","Adult",1,"Yes"
"977","Crew","Male","Adult",1,"Yes"
"978","Crew","Male","Adult",1,"Yes"
"979","Crew","Male","Adult",1,"Yes"
"980","Crew","Male","Adult",1,"Yes"
"981","Crew","Male","Adult",1,"Yes"
"982","Crew","Male","Adult",1,"Yes"
"983","Crew","Male","Adult",1,"Yes"
"984","Crew","Male","Adult",1,"Yes"
"985","Crew","Male","Adult",1,"Yes"
"986","Crew","Male","Adult",1,"Yes"
"987","Crew","Male","Adult",1,"Yes"
"988","Crew","Male","Adult",1,"Yes"
"989","Crew","Male","Adult",1,"Yes"
"990","Crew","Male","Adult",1,"Yes"
"991","Crew","Male","Adult",1,"Yes"
"992","Crew","Male","Adult",1,"Yes"
"993","Crew","Male","Adult",1,"Yes"
"994","Crew","Male","Adult",1,"Yes"
"995","Crew","Male","Adult",1,"Yes"
"996","Crew","Male","Adult",1,"Yes"
"997","Crew","Male","Adult",1,"Yes"
"998","Crew","Male","Adult",1,"Yes"
"999","Crew","Male","Adult",1,"Yes"
"1000","Crew","Male","Adult",1,"Yes"
"1001","Crew","Male","Adult",1,"Yes"
"1002","Crew","Male","Adult",1,"Yes"
"1003","Crew","Male","Adult",1,"Yes"
"1004","Crew","Male","Adult",1,"Yes"
"1005","Crew","Male","Adult",1,"Yes"
"1006","Crew","Male","Adult",1,"Yes"
"1007","Crew","Male","Adult",1,"Yes"
"1008","Crew","Male","Adult",1,"Yes"
"1009","Crew","Male","Adult",1,"Yes"
"1010","Crew","Male","Adult",1,"Yes"
"1011","Crew","Male","Adult",1,"Yes"
"1012","Crew","Male","Adult",1,"Yes"
"1013","Crew","Male","Adult",1,"Yes"
"1014","Crew","Male","Adult",1,"Yes"
"1015","Crew","Male","Adult",1,"Yes"
"1016","Crew","Male","Adult",1,"Yes"
"1017","Crew","Male","Adult",1,"Yes"
"1018","Crew","Male","Adult",1,"Yes"
"1019","Crew","Male","Adult",1,"Yes"
"1020","Crew","Male","Adult",1,"Yes"
"1021","Crew","Male","Adult",1,"Yes"
"1022","Crew","Male","Adult",1,"Yes"
"1023","Crew","Male","Adult",1,"Yes"
"1024","Crew","Male","Adult",1,"Yes"
"1025","Crew","Male","Adult",1,"Yes"
"1026","Crew","Male","Adult",1,"Yes"
"1027","Crew","Male","Adult",1,"Yes"
"1028","Crew","Male","Adult",1,"Yes"
"1029","Crew","Male","Adult",1,"Yes"
"1030","Crew","Male","Adult",1,"Yes"
"1031","Crew","Male","Adult",1,"Yes"
"1032","Crew","Male","Adult",1,"Yes"
"1033","Crew","Male","Adult",1,"Yes"
"1034","Crew","Male","Adult",1,"Yes"
"1035","Crew","Male","Adult",1,"Yes"
"1036","Crew","Male","Adult",1,"Yes"
"1037","Crew","Male","Adult",1,"Yes"
"1038","Crew","Male","Adult",1,"Yes"
"1039","Crew","Male","Adult",1,"Yes"
"1040","Crew","Male","Adult",1,"Yes"
"1041","Crew","Male","Adult",1,"Yes"
"1042","Crew","Male","Adult",1,"Yes"
"1043","Crew","Male","Adult",1,"Yes"
"1044","Crew","Male","Adult",1,"Yes"
"1045","Crew","Male","Adult",1,"Yes"
"1046","Crew","Male","Adult",1,"Yes"
"1047","Crew","Male","Adult",1,"Yes"
"1048","Crew","Male","Adult",1,"Yes"
"1049","Crew","Male","Adult",1,"Yes"
"1050","Crew","Male","Adult",1,"Yes"
"1051","Crew","Male","Adult",1,"Yes"
"1052","Crew","Male","Adult",1,"Yes"
"1053","Crew","Male","Adult",1,"Yes"
"1054","Crew","Male","Adult",1,"Yes"
"1055","Crew","Male","Adult",1,"Yes"
"1056","Crew","Male","Adult",1,"Yes"
"1057","Crew","Male","Adult",1,"Yes"
"1058","Crew","Male","Adult",1,"Yes"
"1059","Crew","Male","Adult",1,"Yes"
"1060","Crew","Male","Adult",1,"Yes"
"1061","Crew","Male","Adult",1,"Yes"
"1062","Crew","Male","Adult",1,"Yes"
"1063","Crew","Male","Adult",1,"Yes"
"1064","Crew","Male","Adult",1,"Yes"
"1065","Crew","Male","Adult",1,"Yes"
"1066","Crew","Male","Adult",1,"Yes"
"1067","Crew","Male","Adult",1,"Yes"
"1068","Crew","Male","Adult",1,"Yes"
"1069","Crew","Male","Adult",1,"Yes"
"1070","Crew","Male","Adult",1,"Yes"
"1071","Crew","Male","Adult",1,"Yes"
"1072","Crew","Male","Adult",1,"Yes"
"1073","Crew","Male","Adult",1,"Yes"
"1074","Crew","Male","Adult",1,"Yes"
"1075","Crew","Male","Adult",1,"Yes"
"1076","Crew","Male","Adult",1,"Yes"
"1077","Crew","Male","Adult",1,"Yes"
"1078","Crew","Male","Adult",1,"Yes"
"1079","Crew","Male","Adult",1,"Yes"
"1080","Crew","Male","Adult",1,"Yes"
"1081","Crew","Male","Adult",1,"Yes"
"1082","Crew","Male","Adult",1,"Yes"
"1083","Crew","Male","Adult",1,"Yes"
"1084","Crew","Male","Adult",1,"Yes"
"1085","Crew","Male","Adult",1,"Yes"
"1086","Crew","Male","Adult",1,"Yes"
"1087","Crew","Male","Adult",1,"Yes"
"1088","Crew","Male","Adult",1,"Yes"
"1089","Crew","Male","Adult",1,"Yes"
"1090","Crew","Male","Adult",1,"Yes"
"1091","Crew","Male","Adult",1,"Yes"
"1092","Crew","Male","Adult",1,"Yes"
"1093","Crew","Male","Adult",1,"Yes"
"1094","Crew","Male","Adult",1,"Yes"
"1095","Crew","Male","Adult",1,"Yes"
"1096","Crew","Male","Adult",1,"Yes"
"1097","Crew","Male","Adult",1,"Yes"
"1098","Crew","Male","Adult",1,"Yes"
"1099","Crew","Male","Adult",1,"Yes"
"1100","Crew","Male","Adult",1,"Yes"
"1101","Crew","Male","Adult",1,"Yes"
"1102","Crew","Male","Adult",1,"Yes"
"1103","Crew","Male","Adult",1,"Yes"
"1104","Crew","Male","Adult",1,"Yes"
"1105","Crew","Male","Adult",1,"Yes"
"1106","Crew","Male","Adult",1,"Yes"
"1107","Crew","Male","Adult",1,"Yes"
"1108","Crew","Male","Adult",1,"Yes"
"1109","Crew","Male","Adult",1,"Yes"
"1110","Crew","Male","Adult",1,"Yes"
"1111","Crew","Male","Adult",1,"Yes"
"1112","Crew","Male","Adult",1,"Yes"
"1113","Crew","Male","Adult",1,"Yes"
"1114","Crew","Male","Adult",1,"Yes"
"1115","Crew","Male","Adult",1,"Yes"
"1116","Crew","Male","Adult",1,"No"
"1117","Crew","Male","Adult",1,"No"
"1118","Crew","Male","Adult",1,"No"
"1119","Crew","Male","Adult",1,"No"
"1120","Crew","Male","Adult",1,"No"
"1121","Crew","Male","Adult",1,"No"
"1122","Crew","Male","Adult",1,"No"
"1123","Crew","Male","Adult",1,"No"
"1124","Crew","Male","Adult",1,"No"
"1125","Crew","Male","Adult",1,"No"
"1126","Crew","Male","Adult",1,"No"
"1127","Crew","Male","Adult",1,"No"
"1128","Crew","Male","Adult",1,"No"
"1129","Crew","Male","Adult",1,"No"
"1130","Crew","Male","Adult",1,"No"
"1131","Crew","Male","Adult",1,"No"
"1132","Crew","Male","Adult",1,"No"
"1133","Crew","Male","Adult",1,"No"
"1134","Crew","Male","Adult",1,"No"
"1135","Crew","Male","Adult",1,"No"
"1136","Crew","Male","Adult",1,"No"
"1137","Crew","Male","Adult",1,"No"
"1138","Crew","Male","Adult",1,"No"
"1139","Crew","Male","Adult",1,"No"
"1140","Crew","Male","Adult",1,"No"
"1141","Crew","Male","Adult",1,"No"
"1142","Crew","Male","Adult",1,"No"
"1143","Crew","Male","Adult",1,"No"
"1144","Crew","Male","Adult",1,"No"
"1145","Crew","Male","Adult",1,"No"
"1146","Crew","Male","Adult",1,"No"
"1147","Crew","Male","Adult",1,"No"
"1148","Crew","Male","Adult",1,"No"
"1149","Crew","Male","Adult",1,"No"
"1150","Crew","Male","Adult",1,"No"
"1151","Crew","Male","Adult",1,"No"
"1152","Crew","Male","Adult",1,"No"
"1153","Crew","Male","Adult",1,"No"
"1154","Crew","Male","Adult",1,"No"
"1155","Crew","Male","Adult",1,"No"
"1156","Crew","Male","Adult",1,"No"
"1157","Crew","Male","Adult",1,"No"
"1158","Crew","Male","Adult",1,"No"
"1159","Crew","Male","Adult",1,"No"
"1160","Crew","Male","Adult",1,"No"
"1161","Crew","Male","Adult",1,"No"
"1162","Crew","Male","Adult",1,"No"
"1163","Crew","Male","Adult",1,"No"
"1164","Crew","Male","Adult",1,"No"
"1165","Crew","Male","Adult",1,"No"
"1166","Crew","Male","Adult",1,"No"
"1167","Crew","Male","Adult",1,"No"
"1168","Crew","Male","Adult",1,"No"
"1169","Crew","Male","Adult",1,"No"
"1170","Crew","Male","Adult",1,"No"
"1171","Crew","Male","Adult",1,"No"
"1172","Crew","Male","Adult",1,"No"
"1173","Crew","Male","Adult",1,"No"
"1174","Crew","Male","Adult",1,"No"
"1175","Crew","Male","Adult",1,"No"
"1176","Crew","Male","Adult",1,"No"
"1177","Crew","Male","Adult",1,"No"
"1178","Crew","Male","Adult",1,"No"
"1179","Crew","Male","Adult",1,"No"
"1180","Crew","Male","Adult",1,"No"
"1181","Crew","Male","Adult",1,"No"
"1182","Crew","Male","Adult",1,"No"
"1183","Crew","Male","Adult",1,"No"
"1184","Crew","Male","Adult",1,"No"
"1185","Crew","Male","Adult",1,"No"
"1186","Crew","Male","Adult",1,"No"
"1187","Crew","Male","Adult",1,"No"
"1188","Crew","Male","Adult",1,"No"
"1189","Crew","Male","Adult",1,"No"
"1190","Crew","Male","Adult",1,"No"
"1191","Crew","Male","Adult",1,"No"
"1192","Crew","Male","Adult",1,"No"
"1193","Crew","Male","Adult",1,"No"
"1194","Crew","Male","Adult",1,"No"
"1195","Crew","Male","Adult",1,"No"
"1196","Crew","Male","Adult",1,"No"
"1197","Crew","Male","Adult",1,"No"
"1198","Crew","Male","Adult",1,"No"
"1199","Crew","Male","Adult",1,"No"
"1200","Crew","Male","Adult",1,"No"
"1201","Crew","Male","Adult",1,"No"
"1202","Crew","Male","Adult",1,"No"
"1203","Crew","Male","Adult",1,"No"
"1204","Crew","Male","Adult",1,"No"
"1205","Crew","Male","Adult",1,"No"
"1206","Crew","Male","Adult",1,"No"
"1207","Crew","Male","Adult",1,"No"
"1208","Crew","Male","Adult",1,"No"
"1209","Crew","Male","Adult",1,"No"
"1210","Crew","Male","Adult",1,"No"
"1211","Crew","Male","Adult",1,"No"
"1212","Crew","Male","Adult",1,"No"
"1213","Crew","Male","Adult",1,"No"
"1214","Crew","Male","Adult",1,"No"
"1215","Crew","Male","Adult",1,"No"
"1216","Crew","Male","Adult",1,"No"
"1217","Crew","Male","Adult",1,"No"
"1218","Crew","Male","Adult",1,"No"
"1219","Crew","Male","Adult",1,"No"
"1220","Crew","Male","Adult",1,"No"
"1221","Crew","Male","Adult",1,"No"
"1222","Crew","Male","Adult",1,"No"
"1223","Crew","Male","Adult",1,"No"
"1224","Crew","Male","Adult",1,"No"
"1225","Crew","Male","Adult",1,"No"
"1226","Crew","Male","Adult",1,"No"
"1227","Crew","Male","Adult",1,"No"
"1228","Crew","Male","Adult",1,"No"
"1229","Crew","Male","Adult",1,"No"
"1230","Crew","Male","Adult",1,"No"
"1231","Crew","Male","Adult",1,"No"
"1232","Crew","Male","Adult",1,"No"
"1233","Crew","Male","Adult",1,"No"
"1234","Crew","Male","Adult",1,"No"
"1235","Crew","Male","Adult",1,"No"
"1236","Crew","Male","Adult",1,"No"
"1237","Crew","Male","Adult",1,"No"
"1238","Crew","Male","Adult",1,"No"
"1239","Crew","Male","Adult",1,"No"
"1240","Crew","Male","Adult",1,"No"
"1241","Crew","Male","Adult",1,"No"
"1242","Crew","Male","Adult",1,"No"
"1243","Crew","Male","Adult",1,"No"
"1244","Crew","Male","Adult",1,"No"
"1245","Crew","Male","Adult",1,"No"
"1246","Crew","Male","Adult",1,"No"
"1247","Crew","Male","Adult",1,"No"
"1248","Crew","Male","Adult",1,"No"
"1249","Crew","Male","Adult",1,"No"
"1250","Crew","Male","Adult",1,"No"
"1251","Crew","Male","Adult",1,"No"
"1252","Crew","Male","Adult",1,"No"
"1253","Crew","Male","Adult",1,"No"
"1254","Crew","Male","Adult",1,"No"
"1255","Crew","Male","Adult",1,"No"
"1256","Crew","Male","Adult",1,"No"
"1257","Crew","Male","Adult",1,"No"
"1258","Crew","Male","Adult",1,"No"
"1259","Crew","Male","Adult",1,"No"
"1260","Crew","Male","Adult",1,"No"
"1261","Crew","Male","Adult",1,"No"
"1262","Crew","Male","Adult",1,"No"
"1263","Crew","Male","Adult",1,"No"
"1264","Crew","Male","Adult",1,"No"
"1265","Crew","Male","Adult",1,"No"
"1266","Crew","Male","Adult",1,"No"
"1267","Crew","Male","Adult",1,"No"
"1268","Crew","Male","Adult",1,"No"
"1269","Crew","Male","Adult",1,"No"
"1270","Crew","Male","Adult",1,"No"
"1271","Crew","Male","Adult",1,"No"
"1272","Crew","Male","Adult",1,"No"
"1273","Crew","Male","Adult",1,"No"
"1274","Crew","Male","Adult",1,"No"
"1275","Crew","Male","Adult",1,"No"
"1276","Crew","Male","Adult",1,"No"
"1277","Crew","Male","Adult",1,"No"
"1278","Crew","Male","Adult",1,"No"
"1279","Crew","Male","Adult",1,"No"
"1280","Crew","Male","Adult",1,"No"
"1281","Crew","Male","Adult",1,"No"
"1282","Crew","Male","Adult",1,"No"
"1283","Crew","Male","Adult",1,"No"
"1284","Crew","Male","Adult",1,"No"
"1285","Crew","Male","Adult",1,"No"
"1286","Crew","Male","Adult",1,"No"
"1287","Crew","Male","Adult",1,"No"
"1288","Crew","Male","Adult",1,"No"
"1289","Crew","Male","Adult",1,"No"
"1290","Crew","Male","Adult",1,"No"
"1291","Crew","Male","Adult",1,"No"
"1292","Crew","Male","Adult",1,"No"
"1293","Crew","Male","Adult",1,"No"
"1294","Crew","Male","Adult",1,"No"
"1295","Crew","Male","Adult",1,"No"
"1296","Crew","Male","Adult",1,"No"
"1297","Crew","Male","Adult",1,"No"
"1298","Crew","Male","Adult",1,"No"
"1299","Crew","Male","Adult",1,"No"
"1300","Crew","Male","Adult",1,"No"
"1301","Crew","Male","Adult",1,"No"
"1302","Crew","Male","Adult",1,"No"
"1303","Crew","Male","Adult",1,"No"
"1304","Crew","Male","Adult",1,"No"
"1305","Crew","Male","Adult",1,"No"
"1306","Crew","Male","Adult",1,"No"
"1307","Crew","Male","Adult",1,"No"
"1308","Crew","Male","Adult",1,"No"
"1309","Crew","Male","Adult",1,"No"
"1310","Crew","Male","Adult",1,"No"
"1311","Crew","Male","Adult",1,"No"
"1312","Crew","Male","Adult",1,"No"
"1313","Crew","Male","Adult",1,"No"
"1314","Crew","Male","Adult",1,"No"
"1315","Crew","Male","Adult",1,"No"
"1316","Crew","Male","Adult",1,"No"
"1317","Crew","Male","Adult",1,"No"
"1318","Crew","Male","Adult",1,"No"
"1319","Crew","Male","Adult",1,"No"
"1320","Crew","Male","Adult",1,"No"
"1321","Crew","Male","Adult",1,"No"
"1322","Crew","Male","Adult",1,"No"
"1323","Crew","Male","Adult",1,"No"
"1324","Crew","Male","Adult",1,"No"
"1325","Crew","Male","Adult",1,"No"
"1326","Crew","Male","Adult",1,"No"
"1327","Crew","Male","Adult",1,"No"
"1328","Crew","Male","Adult",1,"No"
"1329","Crew","Male","Adult",1,"No"
"1330","Crew","Male","Adult",1,"No"
"1331","Crew","Male","Adult",1,"No"
"1332","Crew","Male","Adult",1,"No"
"1333","Crew","Male","Adult",1,"No"
"1334","Crew","Male","Adult",1,"No"
"1335","Crew","Male","Adult",1,"No"
"1336","Crew","Male","Adult",1,"No"
"1337","Crew","Male","Adult",1,"No"
"1338","Crew","Male","Adult",1,"No"
"1339","Crew","Male","Adult",1,"No"
"1340","Crew","Male","Adult",1,"No"
"1341","Crew","Male","Adult",1,"No"
"1342","Crew","Male","Adult",1,"No"
"1343","Crew","Male","Adult",1,"No"
"1344","Crew","Male","Adult",1,"No"
"1345","Crew","Male","Adult",1,"No"
"1346","Crew","Male","Adult",1,"No"
"1347","Crew","Male","Adult",1,"No"
"1348","Crew","Male","Adult",1,"No"
"1349","Crew","Male","Adult",1,"No"
"1350","Crew","Male","Adult",1,"No"
"1351","Crew","Male","Adult",1,"No"
"1352","Crew","Male","Adult",1,"No"
"1353","Crew","Male","Adult",1,"No"
"1354","Crew","Male","Adult",1,"No"
"1355","Crew","Male","Adult",1,"No"
"1356","Crew","Male","Adult",1,"No"
"1357","Crew","Male","Adult",1,"No"
"1358","Crew","Male","Adult",1,"No"
"1359","Crew","Male","Adult",1,"No"
"1360","Crew","Male","Adult",1,"No"
"1361","Crew","Male","Adult",1,"No"
"1362","Crew","Male","Adult",1,"No"
"1363","Crew","Male","Adult",1,"No"
"1364","Crew","Male","Adult",1,"No"
"1365","Crew","Male","Adult",1,"No"
"1366","Crew","Male","Adult",1,"No"
"1367","Crew","Male","Adult",1,"No"
"1368","Crew","Male","Adult",1,"No"
"1369","Crew","Male","Adult",1,"No"
"1370","Crew","Male","Adult",1,"No"
"1371","Crew","Male","Adult",1,"No"
"1372","Crew","Male","Adult",1,"No"
"1373","Crew","Male","Adult",1,"No"
"1374","Crew","Male","Adult",1,"No"
"1375","Crew","Male","Adult",1,"No"
"1376","Crew","Male","Adult",1,"No"
"1377","Crew","Male","Adult",1,"No"
"1378","Crew","Male","Adult",1,"No"
"1379","Crew","Male","Adult",1,"No"
"1380","Crew","Male","Adult",1,"No"
"1381","Crew","Male","Adult",1,"No"
"1382","Crew","Male","Adult",1,"No"
"1383","Crew","Male","Adult",1,"No"
"1384","Crew","Male","Adult",1,"No"
"1385","Crew","Male","Adult",1,"No"
"1386","Crew","Male","Adult",1,"No"
"1387","Crew","Male","Adult",1,"No"
"1388","Crew","Male","Adult",1,"No"
"1389","Crew","Male","Adult",1,"No"
"1390","Crew","Male","Adult",1,"No"
"1391","Crew","Male","Adult",1,"No"
"1392","Crew","Male","Adult",1,"No"
"1393","Crew","Male","Adult",1,"No"
"1394","Crew","Male","Adult",1,"No"
"1395","Crew","Male","Adult",1,"No"
"1396","Crew","Male","Adult",1,"No"
"1397","Crew","Male","Adult",1,"No"
"1398","Crew","Male","Adult",1,"No"
"1399","Crew","Male","Adult",1,"No"
"1400","Crew","Male","Adult",1,"No"
"1401","Crew","Male","Adult",1,"No"
"1402","Crew","Male","Adult",1,"No"
"1403","Crew","Male","Adult",1,"No"
"1404","Crew","Male","Adult",1,"No"
"1405","Crew","Male","Adult",1,"No"
"1406","Crew","Male","Adult",1,"No"
"1407","Crew","Male","Adult",1,"No"
"1408","Crew","Male","Adult",1,"No"
"1409","Crew","Male","Adult",1,"No"
"1410","Crew","Male","Adult",1,"No"
"1411","Crew","Male","Adult",1,"No"
"1412","Crew","Male","Adult",1,"No"
"1413","Crew","Male","Adult",1,"No"
"1414","Crew","Male","Adult",1,"No"
"1415","Crew","Male","Adult",1,"No"
"1416","Crew","Male","Adult",1,"No"
"1417","Crew","Male","Adult",1,"No"
"1418","Crew","Male","Adult",1,"No"
"1419","Crew","Male","Adult",1,"No"
"1420","Crew","Male","Adult",1,"No"
"1421","Crew","Male","Adult",1,"No"
"1422","Crew","Male","Adult",1,"No"
"1423","Crew","Male","Adult",1,"No"
"1424","Crew","Male","Adult",1,"No"
"1425","Crew","Male","Adult",1,"No"
"1426","Crew","Male","Adult",1,"No"
"1427","Crew","Male","Adult",1,"No"
"1428","Crew","Male","Adult",1,"No"
"1429","Crew","Male","Adult",1,"No"
"1430","Crew","Male","Adult",1,"No"
"1431","Crew","Male","Adult",1,"No"
"1432","Crew","Male","Adult",1,"No"
"1433","Crew","Male","Adult",1,"No"
"1434","Crew","Male","Adult",1,"No"
"1435","Crew","Male","Adult",1,"No"
"1436","Crew","Male","Adult",1,"No"
"1437","Crew","Male","Adult",1,"No"
"1438","Crew","Male","Adult",1,"No"
"1439","Crew","Male","Adult",1,"No"
"1440","Crew","Male","Adult",1,"No"
"1441","Crew","Male","Adult",1,"No"
"1442","Crew","Male","Adult",1,"No"
"1443","Crew","Male","Adult",1,"No"
"1444","Crew","Male","Adult",1,"No"
"1445","Crew","Male","Adult",1,"No"
"1446","Crew","Male","Adult",1,"No"
"1447","Crew","Male","Adult",1,"No"
"1448","Crew","Male","Adult",1,"No"
"1449","Crew","Male","Adult",1,"No"
"1450","Crew","Male","Adult",1,"No"
"1451","Crew","Male","Adult",1,"No"
"1452","Crew","Male","Adult",1,"No"
"1453","Crew","Male","Adult",1,"No"
"1454","Crew","Male","Adult",1,"No"
"1455","Crew","Male","Adult",1,"No"
"1456","Crew","Male","Adult",1,"No"
"1457","Crew","Male","Adult",1,"No"
"1458","Crew","Male","Adult",1,"No"
"1459","Crew","Male","Adult",1,"No"
"1460","Crew","Male","Adult",1,"No"
"1461","Crew","Male","Adult",1,"No"
"1462","Crew","Male","Adult",1,"No"
"1463","Crew","Male","Adult",1,"No"
"1464","Crew","Male","Adult",1,"No"
"1465","Crew","Male","Adult",1,"No"
"1466","Crew","Male","Adult",1,"No"
"1467","Crew","Male","Adult",1,"No"
"1468","Crew","Male","Adult",1,"No"
"1469","Crew","Male","Adult",1,"No"
"1470","Crew","Male","Adult",1,"No"
"1471","Crew","Male","Adult",1,"No"
"1472","Crew","Male","Adult",1,"No"
"1473","Crew","Male","Adult",1,"No"
"1474","Crew","Male","Adult",1,"No"
"1475","Crew","Male","Adult",1,"No"
"1476","Crew","Male","Adult",1,"No"
"1477","Crew","Male","Adult",1,"No"
"1478","Crew","Male","Adult",1,"No"
"1479","Crew","Male","Adult",1,"No"
"1480","Crew","Male","Adult",1,"No"
"1481","Crew","Male","Adult",1,"No"
"1482","Crew","Male","Adult",1,"No"
"1483","Crew","Male","Adult",1,"No"
"1484","Crew","Male","Adult",1,"No"
"1485","Crew","Male","Adult",1,"No"
"1486","Crew","Male","Adult",1,"No"
"1487","Crew","Male","Adult",1,"No"
"1488","Crew","Male","Adult",1,"No"
"1489","Crew","Male","Adult",1,"No"
"1490","Crew","Male","Adult",1,"No"
"1491","Crew","Male","Adult",1,"No"
"1492","Crew","Male","Adult",1,"No"
"1493","Crew","Male","Adult",1,"No"
"1494","Crew","Male","Adult",1,"No"
"1495","Crew","Male","Adult",1,"No"
"1496","Crew","Male","Adult",1,"No"
"1497","Crew","Male","Adult",1,"No"
"1498","Crew","Male","Adult",1,"No"
"1499","Crew","Male","Adult",1,"No"
"1500","Crew","Male","Adult",1,"No"
"1501","Crew","Male","Adult",1,"No"
"1502","Crew","Male","Adult",1,"No"
"1503","Crew","Male","Adult",1,"No"
"1504","Crew","Male","Adult",1,"No"
"1505","Crew","Male","Adult",1,"No"
"1506","Crew","Male","Adult",1,"No"
"1507","Crew","Male","Adult",1,"No"
"1508","Crew","Male","Adult",1,"No"
"1509","Crew","Male","Adult",1,"No"
"1510","Crew","Male","Adult",1,"No"
"1511","Crew","Male","Adult",1,"No"
"1512","Crew","Male","Adult",1,"No"
"1513","Crew","Male","Adult",1,"No"
"1514","Crew","Male","Adult",1,"No"
"1515","Crew","Male","Adult",1,"No"
"1516","Crew","Male","Adult",1,"No"
"1517","Crew","Male","Adult",1,"No"
"1518","Crew","Male","Adult",1,"No"
"1519","Crew","Male","Adult",1,"No"
"1520","Crew","Male","Adult",1,"No"
"1521","Crew","Male","Adult",1,"No"
"1522","Crew","Male","Adult",1,"No"
"1523","Crew","Male","Adult",1,"No"
"1524","Crew","Male","Adult",1,"No"
"1525","Crew","Male","Adult",1,"No"
"1526","Crew","Male","Adult",1,"No"
"1527","Crew","Male","Adult",1,"No"
"1528","Crew","Male","Adult",1,"No"
"1529","Crew","Male","Adult",1,"No"
"1530","Crew","Male","Adult",1,"No"
"1531","Crew","Male","Adult",1,"No"
"1532","Crew","Male","Adult",1,"No"
"1533","Crew","Male","Adult",1,"No"
"1534","Crew","Male","Adult",1,"No"
"1535","Crew","Male","Adult",1,"No"
"1536","Crew","Male","Adult",1,"No"
"1537","Crew","Male","Adult",1,"No"
"1538","Crew","Male","Adult",1,"No"
"1539","Crew","Male","Adult",1,"No"
"1540","Crew","Male","Adult",1,"No"
"1541","Crew","Male","Adult",1,"No"
"1542","Crew","Male","Adult",1,"No"
"1543","Crew","Male","Adult",1,"No"
"1544","Crew","Male","Adult",1,"No"
"1545","Crew","Male","Adult",1,"No"
"1546","Crew","Male","Adult",1,"No"
"1547","Crew","Male","Adult",1,"No"
"1548","Crew","Male","Adult",1,"No"
"1549","Crew","Male","Adult",1,"No"
"1550","Crew","Male","Adult",1,"No"
"1551","Crew","Male","Adult",1,"No"
"1552","Crew","Male","Adult",1,"No"
"1553","Crew","Male","Adult",1,"No"
"1554","Crew","Male","Adult",1,"No"
"1555","Crew","Male","Adult",1,"No"
"1556","Crew","Male","Adult",1,"No"
"1557","Crew","Male","Adult",1,"No"
"1558","Crew","Male","Adult",1,"No"
"1559","Crew","Male","Adult",1,"No"
"1560","Crew","Male","Adult",1,"No"
"1561","Crew","Male","Adult",1,"No"
"1562","Crew","Male","Adult",1,"No"
"1563","Crew","Male","Adult",1,"No"
"1564","Crew","Male","Adult",1,"No"
"1565","Crew","Male","Adult",1,"No"
"1566","Crew","Male","Adult",1,"No"
"1567","Crew","Male","Adult",1,"No"
"1568","Crew","Male","Adult",1,"No"
"1569","Crew","Male","Adult",1,"No"
"1570","Crew","Male","Adult",1,"No"
"1571","Crew","Male","Adult",1,"No"
"1572","Crew","Male","Adult",1,"No"
"1573","Crew","Male","Adult",1,"No"
"1574","Crew","Male","Adult",1,"No"
"1575","Crew","Male","Adult",1,"No"
"1576","Crew","Male","Adult",1,"No"
"1577","Crew","Male","Adult",1,"No"
"1578","Crew","Male","Adult",1,"No"
"1579","Crew","Male","Adult",1,"No"
"1580","Crew","Male","Adult",1,"No"
"1581","Crew","Male","Adult",1,"No"
"1582","Crew","Male","Adult",1,"No"
"1583","Crew","Male","Adult",1,"No"
"1584","Crew","Male","Adult",1,"No"
"1585","Crew","Male","Adult",1,"No"
"1586","Crew","Male","Adult",1,"No"
"1587","Crew","Male","Adult",1,"No"
"1588","Crew","Male","Adult",1,"No"
"1589","Crew","Male","Adult",1,"No"
"1590","Crew","Male","Adult",1,"No"
"1591","Crew","Male","Adult",1,"No"
"1592","Crew","Male","Adult",1,"No"
"1593","Crew","Male","Adult",1,"No"
"1594","Crew","Male","Adult",1,"No"
"1595","Crew","Male","Adult",1,"No"
"1596","Crew","Male","Adult",1,"No"
"1597","Crew","Male","Adult",1,"No"
"1598","Crew","Male","Adult",1,"No"
"1599","Crew","Male","Adult",1,"No"
"1600","Crew","Male","Adult",1,"No"
"1601","Crew","Male","Adult",1,"No"
"1602","Crew","Male","Adult",1,"No"
"1603","Crew","Male","Adult",1,"No"
"1604","Crew","Male","Adult",1,"No"
"1605","Crew","Male","Adult",1,"No"
"1606","Crew","Male","Adult",1,"No"
"1607","Crew","Male","Adult",1,"No"
"1608","Crew","Male","Adult",1,"No"
"1609","Crew","Male","Adult",1,"No"
"1610","Crew","Male","Adult",1,"No"
"1611","Crew","Male","Adult",1,"No"
"1612","Crew","Male","Adult",1,"No"
"1613","Crew","Male","Adult",1,"No"
"1614","Crew","Male","Adult",1,"No"
"1615","Crew","Male","Adult",1,"No"
"1616","Crew","Male","Adult",1,"No"
"1617","Crew","Male","Adult",1,"No"
"1618","Crew","Male","Adult",1,"No"
"1619","Crew","Male","Adult",1,"No"
"1620","Crew","Male","Adult",1,"No"
"1621","Crew","Male","Adult",1,"No"
"1622","Crew","Male","Adult",1,"No"
"1623","Crew","Male","Adult",1,"No"
"1624","Crew","Male","Adult",1,"No"
"1625","Crew","Male","Adult",1,"No"
"1626","Crew","Male","Adult",1,"No"
"1627","Crew","Male","Adult",1,"No"
"1628","Crew","Male","Adult",1,"No"
"1629","Crew","Male","Adult",1,"No"
"1630","Crew","Male","Adult",1,"No"
"1631","Crew","Male","Adult",1,"No"
"1632","Crew","Male","Adult",1,"No"
"1633","Crew","Male","Adult",1,"No"
"1634","Crew","Male","Adult",1,"No"
"1635","Crew","Male","Adult",1,"No"
"1636","Crew","Male","Adult",1,"No"
"1637","Crew","Male","Adult",1,"No"
"1638","Crew","Male","Adult",1,"No"
"1639","Crew","Male","Adult",1,"No"
"1640","Crew","Male","Adult",1,"No"
"1641","Crew","Male","Adult",1,"No"
"1642","Crew","Male","Adult",1,"No"
"1643","Crew","Male","Adult",1,"No"
"1644","Crew","Male","Adult",1,"No"
"1645","Crew","Male","Adult",1,"No"
"1646","Crew","Male","Adult",1,"No"
"1647","Crew","Male","Adult",1,"No"
"1648","Crew","Male","Adult",1,"No"
"1649","Crew","Male","Adult",1,"No"
"1650","Crew","Male","Adult",1,"No"
"1651","Crew","Male","Adult",1,"No"
"1652","Crew","Male","Adult",1,"No"
"1653","Crew","Male","Adult",1,"No"
"1654","Crew","Male","Adult",1,"No"
"1655","Crew","Male","Adult",1,"No"
"1656","Crew","Male","Adult",1,"No"
"1657","Crew","Male","Adult",1,"No"
"1658","Crew","Male","Adult",1,"No"
"1659","Crew","Male","Adult",1,"No"
"1660","Crew","Male","Adult",1,"No"
"1661","Crew","Male","Adult",1,"No"
"1662","Crew","Male","Adult",1,"No"
"1663","Crew","Male","Adult",1,"No"
"1664","Crew","Male","Adult",1,"No"
"1665","Crew","Male","Adult",1,"No"
"1666","Crew","Male","Adult",1,"No"
"1667","Crew","Male","Adult",1,"No"
"1668","Crew","Male","Adult",1,"No"
"1669","Crew","Male","Adult",1,"No"
"1670","Crew","Male","Adult",1,"No"
"1671","Crew","Male","Adult",1,"No"
"1672","Crew","Male","Adult",1,"No"
"1673","Crew","Male","Adult",1,"No"
"1674","Crew","Male","Adult",1,"No"
"1675","Crew","Male","Adult",1,"No"
"1676","Crew","Male","Adult",1,"No"
"1677","Crew","Male","Adult",1,"No"
"1678","Crew","Male","Adult",1,"No"
"1679","Crew","Male","Adult",1,"No"
"1680","Crew","Male","Adult",1,"No"
"1681","Crew","Male","Adult",1,"No"
"1682","Crew","Male","Adult",1,"No"
"1683","Crew","Male","Adult",1,"No"
"1684","Crew","Male","Adult",1,"No"
"1685","Crew","Male","Adult",1,"No"
"1686","Crew","Male","Adult",1,"No"
"1687","Crew","Male","Adult",1,"No"
"1688","Crew","Male","Adult",1,"No"
"1689","Crew","Male","Adult",1,"No"
"1690","Crew","Male","Adult",1,"No"
"1691","Crew","Male","Adult",1,"No"
"1692","Crew","Male","Adult",1,"No"
"1693","Crew","Male","Adult",1,"No"
"1694","Crew","Male","Adult",1,"No"
"1695","Crew","Male","Adult",1,"No"
"1696","Crew","Male","Adult",1,"No"
"1697","Crew","Male","Adult",1,"No"
"1698","Crew","Male","Adult",1,"No"
"1699","Crew","Male","Adult",1,"No"
"1700","Crew","Male","Adult",1,"No"
"1701","Crew","Male","Adult",1,"No"
"1702","Crew","Male","Adult",1,"No"
"1703","Crew","Male","Adult",1,"No"
"1704","Crew","Male","Adult",1,"No"
"1705","Crew","Male","Adult",1,"No"
"1706","Crew","Male","Adult",1,"No"
"1707","Crew","Male","Adult",1,"No"
"1708","Crew","Male","Adult",1,"No"
"1709","Crew","Male","Adult",1,"No"
"1710","Crew","Male","Adult",1,"No"
"1711","Crew","Male","Adult",1,"No"
"1712","Crew","Male","Adult",1,"No"
"1713","Crew","Male","Adult",1,"No"
"1714","Crew","Male","Adult",1,"No"
"1715","Crew","Male","Adult",1,"No"
"1716","Crew","Male","Adult",1,"No"
"1717","Crew","Male","Adult",1,"No"
"1718","Crew","Male","Adult",1,"No"
"1719","Crew","Male","Adult",1,"No"
"1720","Crew","Male","Adult",1,"No"
"1721","Crew","Male","Adult",1,"No"
"1722","Crew","Male","Adult",1,"No"
"1723","Crew","Male","Adult",1,"No"
"1724","Crew","Male","Adult",1,"No"
"1725","Crew","Male","Adult",1,"No"
"1726","Crew","Male","Adult",1,"No"
"1727","Crew","Male","Adult",1,"No"
"1728","Crew","Male","Adult",1,"No"
"1729","Crew","Male","Adult",1,"No"
"1730","Crew","Male","Adult",1,"No"
"1731","Crew","Male","Adult",1,"No"
"1732","Crew","Male","Adult",1,"No"
"1733","Crew","Male","Adult",1,"No"
"1734","Crew","Male","Adult",1,"No"
"1735","Crew","Male","Adult",1,"No"
"1736","Crew","Male","Adult",1,"No"
"1737","Crew","Male","Adult",1,"No"
"1738","Crew","Male","Adult",1,"No"
"1739","Crew","Male","Adult",1,"No"
"1740","Crew","Male","Adult",1,"No"
"1741","Crew","Male","Adult",1,"No"
"1742","Crew","Male","Adult",1,"No"
"1743","Crew","Male","Adult",1,"No"
"1744","Crew","Male","Adult",1,"No"
"1745","Crew","Male","Adult",1,"No"
"1746","Crew","Male","Adult",1,"No"
"1747","Crew","Male","Adult",1,"No"
"1748","Crew","Male","Adult",1,"No"
"1749","Crew","Male","Adult",1,"No"
"1750","Crew","Male","Adult",1,"No"
"1751","Crew","Male","Adult",1,"No"
"1752","Crew","Male","Adult",1,"No"
"1753","Crew","Male","Adult",1,"No"
"1754","Crew","Male","Adult",1,"No"
"1755","Crew","Male","Adult",1,"No"
"1756","Crew","Male","Adult",1,"No"
"1757","Crew","Male","Adult",1,"No"
"1758","Crew","Male","Adult",1,"No"
"1759","Crew","Male","Adult",1,"No"
"1760","Crew","Male","Adult",1,"No"
"1761","Crew","Male","Adult",1,"No"
"1762","Crew","Male","Adult",1,"No"
"1763","Crew","Male","Adult",1,"No"
"1764","Crew","Male","Adult",1,"No"
"1765","Crew","Male","Adult",1,"No"
"1766","Crew","Male","Adult",1,"No"
"1767","Crew","Male","Adult",1,"No"
"1768","Crew","Male","Adult",1,"No"
"1769","Crew","Male","Adult",1,"No"
"1770","Crew","Male","Adult",1,"No"
"1771","Crew","Male","Adult",1,"No"
"1772","Crew","Male","Adult",1,"No"
"1773","Crew","Male","Adult",1,"No"
"1774","Crew","Male","Adult",1,"No"
"1775","Crew","Male","Adult",1,"No"
"1776","Crew","Male","Adult",1,"No"
"1777","Crew","Male","Adult",1,"No"
"1778","Crew","Male","Adult",1,"No"
"1779","Crew","Male","Adult",1,"No"
"1780","Crew","Male","Adult",1,"No"
"1781","Crew","Male","Adult",1,"No"
"1782","Crew","Male","Adult",1,"No"
"1783","Crew","Male","Adult",1,"No"
"1784","Crew","Male","Adult",1,"No"
"1785","Crew","Male","Adult",1,"No"
"1786","Crew","Male","Adult",1,"No"
"1787","Crew","Male","Adult",1,"No"
"1788","Crew","Male","Adult",1,"No"
"1789","Crew","Male","Adult",1,"No"
"1790","Crew","Male","Adult",1,"No"
"1791","Crew","Male","Adult",1,"No"
"1792","Crew","Male","Adult",1,"No"
"1793","Crew","Male","Adult",1,"No"
"1794","Crew","Male","Adult",1,"No"
"1795","Crew","Male","Adult",1,"No"
"1796","Crew","Male","Adult",1,"No"
"1797","Crew","Male","Adult",1,"No"
"1798","Crew","Male","Adult",1,"No"
"1799","Crew","Male","Adult",1,"No"
"1800","Crew","Male","Adult",1,"No"
"1801","Crew","Male","Adult",1,"No"
"1802","Crew","Male","Adult",1,"No"
"1803","Crew","Male","Adult",1,"No"
"1804","Crew","Male","Adult",1,"No"
"1805","Crew","Male","Adult",1,"No"
"1806","Crew","Male","Adult",1,"No"
"1807","Crew","Male","Adult",1,"No"
"1808","Crew","Male","Adult",1,"No"
"1809","1st","Female","Adult",1,"Yes"
"1810","1st","Female","Adult",1,"Yes"
"1811","1st","Female","Adult",1,"Yes"
"1812","1st","Female","Adult",1,"Yes"
"1813","1st","Female","Adult",1,"Yes"
"1814","1st","Female","Adult",1,"Yes"
"1815","1st","Female","Adult",1,"Yes"
"1816","1st","Female","Adult",1,"Yes"
"1817","1st","Female","Adult",1,"Yes"
"1818","1st","Female","Adult",1,"Yes"
"1819","1st","Female","Adult",1,"Yes"
"1820","1st","Female","Adult",1,"Yes"
"1821","1st","Female","Adult",1,"Yes"
"1822","1st","Female","Adult",1,"Yes"
"1823","1st","Female","Adult",1,"Yes"
"1824","1st","Female","Adult",1,"Yes"
"1825","1st","Female","Adult",1,"Yes"
"1826","1st","Female","Adult",1,"Yes"
"1827","1st","Female","Adult",1,"Yes"
"1828","1st","Female","Adult",1,"Yes"
"1829","1st","Female","Adult",1,"Yes"
"1830","1st","Female","Adult",1,"Yes"
"1831","1st","Female","Adult",1,"Yes"
"1832","1st","Female","Adult",1,"Yes"
"1833","1st","Female","Adult",1,"Yes"
"1834","1st","Female","Adult",1,"Yes"
"1835","1st","Female","Adult",1,"Yes"
"1836","1st","Female","Adult",1,"Yes"
"1837","1st","Female","Adult",1,"Yes"
"1838","1st","Female","Adult",1,"Yes"
"1839","1st","Female","Adult",1,"Yes"
"1840","1st","Female","Adult",1,"Yes"
"1841","1st","Female","Adult",1,"Yes"
"1842","1st","Female","Adult",1,"Yes"
"1843","1st","Female","Adult",1,"Yes"
"1844","1st","Female","Adult",1,"Yes"
"1845","1st","Female","Adult",1,"Yes"
"1846","1st","Female","Adult",1,"Yes"
"1847","1st","Female","Adult",1,"Yes"
"1848","1st","Female","Adult",1,"Yes"
"1849","1st","Female","Adult",1,"Yes"
"1850","1st","Female","Adult",1,"Yes"
"1851","1st","Female","Adult",1,"Yes"
"1852","1st","Female","Adult",1,"Yes"
"1853","1st","Female","Adult",1,"Yes"
"1854","1st","Female","Adult",1,"Yes"
"1855","1st","Female","Adult",1,"Yes"
"1856","1st","Female","Adult",1,"Yes"
"1857","1st","Female","Adult",1,"Yes"
"1858","1st","Female","Adult",1,"Yes"
"1859","1st","Female","Adult",1,"Yes"
"1860","1st","Female","Adult",1,"Yes"
"1861","1st","Female","Adult",1,"Yes"
"1862","1st","Female","Adult",1,"Yes"
"1863","1st","Female","Adult",1,"Yes"
"1864","1st","Female","Adult",1,"Yes"
"1865","1st","Female","Adult",1,"Yes"
"1866","1st","Female","Adult",1,"Yes"
"1867","1st","Female","Adult",1,"Yes"
"1868","1st","Female","Adult",1,"Yes"
"1869","1st","Female","Adult",1,"Yes"
"1870","1st","Female","Adult",1,"Yes"
"1871","1st","Female","Adult",1,"Yes"
"1872","1st","Female","Adult",1,"Yes"
"1873","1st","Female","Adult",1,"Yes"
"1874","1st","Female","Adult",1,"Yes"
"1875","1st","Female","Adult",1,"Yes"
"1876","1st","Female","Adult",1,"Yes"
"1877","1st","Female","Adult",1,"Yes"
"1878","1st","Female","Adult",1,"Yes"
"1879","1st","Female","Adult",1,"Yes"
"1880","1st","Female","Adult",1,"Yes"
"1881","1st","Female","Adult",1,"Yes"
"1882","1st","Female","Adult",1,"Yes"
"1883","1st","Female","Adult",1,"Yes"
"1884","1st","Female","Adult",1,"Yes"
"1885","1st","Female","Adult",1,"Yes"
"1886","1st","Female","Adult",1,"Yes"
"1887","1st","Female","Adult",1,"Yes"
"1888","1st","Female","Adult",1,"Yes"
"1889","1st","Female","Adult",1,"Yes"
"1890","1st","Female","Adult",1,"Yes"
"1891","1st","Female","Adult",1,"Yes"
"1892","1st","Female","Adult",1,"Yes"
"1893","1st","Female","Adult",1,"Yes"
"1894","1st","Female","Adult",1,"Yes"
"1895","1st","Female","Adult",1,"Yes"
"1896","1st","Female","Adult",1,"Yes"
"1897","1st","Female","Adult",1,"Yes"
"1898","1st","Female","Adult",1,"Yes"
"1899","1st","Female","Adult",1,"Yes"
"1900","1st","Female","Adult",1,"Yes"
"1901","1st","Female","Adult",1,"Yes"
"1902","1st","Female","Adult",1,"Yes"
"1903","1st","Female","Adult",1,"Yes"
"1904","1st","Female","Adult",1,"Yes"
"1905","1st","Female","Adult",1,"Yes"
"1906","1st","Female","Adult",1,"Yes"
"1907","1st","Female","Adult",1,"Yes"
"1908","1st","Female","Adult",1,"Yes"
"1909","1st","Female","Adult",1,"Yes"
"1910","1st","Female","Adult",1,"Yes"
"1911","1st","Female","Adult",1,"Yes"
"1912","1st","Female","Adult",1,"Yes"
"1913","1st","Female","Adult",1,"Yes"
"1914","1st","Female","Adult",1,"Yes"
"1915","1st","Female","Adult",1,"Yes"
"1916","1st","Female","Adult",1,"Yes"
"1917","1st","Female","Adult",1,"Yes"
"1918","1st","Female","Adult",1,"Yes"
"1919","1st","Female","Adult",1,"Yes"
"1920","1st","Female","Adult",1,"Yes"
"1921","1st","Female","Adult",1,"Yes"
"1922","1st","Female","Adult",1,"Yes"
"1923","1st","Female","Adult",1,"Yes"
"1924","1st","Female","Adult",1,"Yes"
"1925","1st","Female","Adult",1,"Yes"
"1926","1st","Female","Adult",1,"Yes"
"1927","1st","Female","Adult",1,"Yes"
"1928","1st","Female","Adult",1,"Yes"
"1929","1st","Female","Adult",1,"Yes"
"1930","1st","Female","Adult",1,"Yes"
"1931","1st","Female","Adult",1,"Yes"
"1932","1st","Female","Adult",1,"Yes"
"1933","1st","Female","Adult",1,"Yes"
"1934","1st","Female","Adult",1,"Yes"
"1935","1st","Female","Adult",1,"Yes"
"1936","1st","Female","Adult",1,"Yes"
"1937","1st","Female","Adult",1,"Yes"
"1938","1st","Female","Adult",1,"Yes"
"1939","1st","Female","Adult",1,"Yes"
"1940","1st","Female","Adult",1,"Yes"
"1941","1st","Female","Adult",1,"Yes"
"1942","1st","Female","Adult",1,"Yes"
"1943","1st","Female","Adult",1,"Yes"
"1944","1st","Female","Adult",1,"Yes"
"1945","1st","Female","Adult",1,"Yes"
"1946","1st","Female","Adult",1,"Yes"
"1947","1st","Female","Adult",1,"Yes"
"1948","1st","Female","Adult",1,"Yes"
"1949","Crew","Female","Adult",1,"Yes"
"1950","Crew","Female","Adult",1,"Yes"
"1951","Crew","Female","Adult",1,"Yes"
"1952","Crew","Female","Adult",1,"Yes"
"1953","1st","Female","Adult",1,"No"
"1954","1st","Female","Adult",1,"No"
"1955","1st","Female","Adult",1,"No"
"1956","1st","Female","Adult",1,"No"
"1957","2nd","Female","Adult",1,"Yes"
"1958","2nd","Female","Adult",1,"Yes"
"1959","2nd","Female","Adult",1,"Yes"
"1960","2nd","Female","Adult",1,"Yes"
"1961","2nd","Female","Adult",1,"Yes"
"1962","2nd","Female","Adult",1,"Yes"
"1963","2nd","Female","Adult",1,"Yes"
"1964","2nd","Female","Adult",1,"Yes"
"1965","2nd","Female","Adult",1,"Yes"
"1966","2nd","Female","Adult",1,"Yes"
"1967","2nd","Female","Adult",1,"Yes"
"1968","2nd","Female","Adult",1,"Yes"
"1969","2nd","Female","Adult",1,"Yes"
"1970","2nd","Female","Adult",1,"Yes"
"1971","2nd","Female","Adult",1,"Yes"
"1972","2nd","Female","Adult",1,"Yes"
"1973","2nd","Female","Adult",1,"Yes"
"1974","2nd","Female","Adult",1,"Yes"
"1975","2nd","Female","Adult",1,"Yes"
"1976","2nd","Female","Adult",1,"Yes"
"1977","2nd","Female","Adult",1,"Yes"
"1978","2nd","Female","Adult",1,"Yes"
"1979","2nd","Female","Adult",1,"Yes"
"1980","2nd","Female","Adult",1,"Yes"
"1981","2nd","Female","Adult",1,"Yes"
"1982","2nd","Female","Adult",1,"Yes"
"1983","2nd","Female","Adult",1,"Yes"
"1984","2nd","Female","Adult",1,"Yes"
"1985","2nd","Female","Adult",1,"Yes"
"1986","2nd","Female","Adult",1,"Yes"
"1987","2nd","Female","Adult",1,"Yes"
"1988","2nd","Female","Adult",1,"Yes"
"1989","2nd","Female","Adult",1,"Yes"
"1990","2nd","Female","Adult",1,"Yes"
"1991","2nd","Female","Adult",1,"Yes"
"1992","2nd","Female","Adult",1,"Yes"
"1993","2nd","Female","Adult",1,"Yes"
"1994","2nd","Female","Adult",1,"Yes"
"1995","2nd","Female","Adult",1,"Yes"
"1996","2nd","Female","Adult",1,"Yes"
"1997","2nd","Female","Adult",1,"Yes"
"1998","2nd","Female","Adult",1,"Yes"
"1999","2nd","Female","Adult",1,"Yes"
"2000","2nd","Female","Adult",1,"Yes"
"2001","2nd","Female","Adult",1,"Yes"
"2002","2nd","Female","Adult",1,"Yes"
"2003","2nd","Female","Adult",1,"Yes"
"2004","2nd","Female","Adult",1,"Yes"
"2005","2nd","Female","Adult",1,"Yes"
"2006","2nd","Female","Adult",1,"Yes"
"2007","2nd","Female","Adult",1,"Yes"
"2008","2nd","Female","Adult",1,"Yes"
"2009","2nd","Female","Adult",1,"Yes"
"2010","2nd","Female","Adult",1,"Yes"
"2011","2nd","Female","Adult",1,"Yes"
"2012","2nd","Female","Adult",1,"Yes"
"2013","2nd","Female","Adult",1,"Yes"
"2014","2nd","Female","Adult",1,"Yes"
"2015","2nd","Female","Adult",1,"Yes"
"2016","2nd","Female","Adult",1,"Yes"
"2017","2nd","Female","Adult",1,"Yes"
"2018","2nd","Female","Adult",1,"Yes"
"2019","2nd","Female","Adult",1,"Yes"
"2020","2nd","Female","Adult",1,"Yes"
"2021","2nd","Female","Adult",1,"Yes"
"2022","2nd","Female","Adult",1,"Yes"
"2023","2nd","Female","Adult",1,"Yes"
"2024","2nd","Female","Adult",1,"Yes"
"2025","2nd","Female","Adult",1,"Yes"
"2026","2nd","Female","Adult",1,"Yes"
"2027","2nd","Female","Adult",1,"Yes"
"2028","2nd","Female","Adult",1,"Yes"
"2029","2nd","Female","Adult",1,"Yes"
"2030","2nd","Female","Adult",1,"Yes"
"2031","2nd","Female","Adult",1,"Yes"
"2032","2nd","Female","Adult",1,"Yes"
"2033","2nd","Female","Adult",1,"Yes"
"2034","2nd","Female","Adult",1,"Yes"
"2035","2nd","Female","Adult",1,"Yes"
"2036","2nd","Female","Adult",1,"Yes"
"2037","2nd","Female","Adult",1,"No"
"2038","2nd","Female","Adult",1,"No"
"2039","2nd","Female","Adult",1,"No"
"2040","2nd","Female","Adult",1,"No"
"2041","3rd","Female","Adult",1,"Yes"
"2042","3rd","Female","Adult",1,"Yes"
"2043","3rd","Female","Adult",1,"Yes"
"2044","3rd","Female","Adult",1,"Yes"
"2045","3rd","Female","Adult",1,"Yes"
"2046","3rd","Female","Adult",1,"Yes"
"2047","3rd","Female","Adult",1,"Yes"
"2048","3rd","Female","Adult",1,"Yes"
"2049","3rd","Female","Adult",1,"Yes"
"2050","3rd","Female","Adult",1,"Yes"
"2051","3rd","Female","Adult",1,"Yes"
"2052","3rd","Female","Adult",1,"Yes"
"2053","3rd","Female","Adult",1,"Yes"
"2054","3rd","Female","Adult",1,"Yes"
"2055","3rd","Female","Adult",1,"Yes"
"2056","3rd","Female","Adult",1,"Yes"
"2057","3rd","Female","Adult",1,"Yes"
"2058","3rd","Female","Adult",1,"Yes"
"2059","3rd","Female","Adult",1,"Yes"
"2060","3rd","Female","Adult",1,"Yes"
"2061","3rd","Female","Adult",1,"Yes"
"2062","3rd","Female","Adult",1,"Yes"
"2063","3rd","Female","Adult",1,"Yes"
"2064","3rd","Female","Adult",1,"Yes"
"2065","3rd","Female","Adult",1,"Yes"
"2066","3rd","Female","Adult",1,"Yes"
"2067","3rd","Female","Adult",1,"Yes"
"2068","3rd","Female","Adult",1,"Yes"
"2069","3rd","Female","Adult",1,"Yes"
"2070","3rd","Female","Adult",1,"Yes"
"2071","3rd","Female","Adult",1,"Yes"
"2072","3rd","Female","Adult",1,"Yes"
"2073","3rd","Female","Adult",1,"Yes"
"2074","3rd","Female","Adult",1,"Yes"
"2075","3rd","Female","Adult",1,"Yes"
"2076","3rd","Female","Adult",1,"Yes"
"2077","3rd","Female","Adult",1,"Yes"
"2078","3rd","Female","Adult",1,"Yes"
"2079","3rd","Female","Adult",1,"Yes"
"2080","3rd","Female","Adult",1,"Yes"
"2081","3rd","Female","Adult",1,"Yes"
"2082","3rd","Female","Adult",1,"Yes"
"2083","3rd","Female","Adult",1,"Yes"
"2084","3rd","Female","Adult",1,"Yes"
"2085","3rd","Female","Adult",1,"Yes"
"2086","3rd","Female","Adult",1,"Yes"
"2087","3rd","Female","Adult",1,"Yes"
"2088","3rd","Female","Adult",1,"Yes"
"2089","3rd","Female","Adult",1,"Yes"
"2090","3rd","Female","Adult",1,"Yes"
"2091","3rd","Female","Adult",1,"Yes"
"2092","3rd","Female","Adult",1,"Yes"
"2093","3rd","Female","Adult",1,"Yes"
"2094","3rd","Female","Adult",1,"Yes"
"2095","3rd","Female","Adult",1,"Yes"
"2096","3rd","Female","Adult",1,"Yes"
"2097","3rd","Female","Adult",1,"Yes"
"2098","3rd","Female","Adult",1,"Yes"
"2099","3rd","Female","Adult",1,"Yes"
"2100","3rd","Female","Adult",1,"Yes"
"2101","3rd","Female","Adult",1,"Yes"
"2102","3rd","Female","Adult",1,"Yes"
"2103","3rd","Female","Adult",1,"Yes"
"2104","3rd","Female","Adult",1,"Yes"
"2105","3rd","Female","Adult",1,"Yes"
"2106","3rd","Female","Adult",1,"Yes"
"2107","3rd","Female","Adult",1,"Yes"
"2108","3rd","Female","Adult",1,"Yes"
"2109","3rd","Female","Adult",1,"Yes"
"2110","3rd","Female","Adult",1,"Yes"
"2111","3rd","Female","Adult",1,"Yes"
"2112","3rd","Female","Adult",1,"Yes"
"2113","3rd","Female","Adult",1,"Yes"
"2114","3rd","Female","Adult",1,"Yes"
"2115","3rd","Female","Adult",1,"Yes"
"2116","3rd","Female","Adult",1,"Yes"
"2117","3rd","Female","Adult",1,"No"
"2118","3rd","Female","Adult",1,"No"
"2119","3rd","Female","Adult",1,"No"
"2120","3rd","Female","Adult",1,"No"
"2121","3rd","Female","Adult",1,"No"
"2122","3rd","Female","Adult",1,"No"
"2123","3rd","Female","Adult",1,"No"
"2124","3rd","Female","Adult",1,"No"
"2125","3rd","Female","Adult",1,"No"
"2126","3rd","Female","Adult",1,"No"
"2127","3rd","Female","Adult",1,"No"
"2128","3rd","Female","Adult",1,"No"
"2129","3rd","Female","Adult",1,"No"
"2130","3rd","Female","Adult",1,"No"
"2131","3rd","Female","Adult",1,"No"
"2132","3rd","Female","Adult",1,"No"
"2133","3rd","Female","Adult",1,"No"
"2134","3rd","Female","Adult",1,"No"
"2135","3rd","Female","Adult",1,"No"
"2136","3rd","Female","Adult",1,"No"
"2137","3rd","Female","Adult",1,"No"
"2138","3rd","Female","Adult",1,"No"
"2139","3rd","Female","Adult",1,"No"
"2140","3rd","Female","Adult",1,"No"
"2141","3rd","Female","Adult",1,"No"
"2142","3rd","Female","Adult",1,"No"
"2143","3rd","Female","Adult",1,"No"
"2144","3rd","Female","Adult",1,"No"
"2145","3rd","Female","Adult",1,"No"
"2146","3rd","Female","Adult",1,"No"
"2147","3rd","Female","Adult",1,"No"
"2148","3rd","Female","Adult",1,"No"
"2149","3rd","Female","Adult",1,"No"
"2150","3rd","Female","Adult",1,"No"
"2151","3rd","Female","Adult",1,"No"
"2152","3rd","Female","Adult",1,"No"
"2153","3rd","Female","Adult",1,"No"
"2154","3rd","Female","Adult",1,"No"
"2155","3rd","Female","Adult",1,"No"
"2156","3rd","Female","Adult",1,"No"
"2157","3rd","Female","Adult",1,"No"
"2158","3rd","Female","Adult",1,"No"
"2159","3rd","Female","Adult",1,"No"
"2160","3rd","Female","Adult",1,"No"
"2161","3rd","Female","Adult",1,"No"
"2162","3rd","Female","Adult",1,"No"
"2163","3rd","Female","Adult",1,"No"
"2164","3rd","Female","Adult",1,"No"
"2165","3rd","Female","Adult",1,"No"
"2166","3rd","Female","Adult",1,"No"
"2167","3rd","Female","Adult",1,"No"
"2168","3rd","Female","Adult",1,"No"
"2169","3rd","Female","Adult",1,"No"
"2170","3rd","Female","Adult",1,"No"
"2171","3rd","Female","Adult",1,"No"
"2172","3rd","Female","Adult",1,"No"
"2173","3rd","Female","Adult",1,"No"
"2174","3rd","Female","Adult",1,"No"
"2175","3rd","Female","Adult",1,"No"
"2176","3rd","Female","Adult",1,"No"
"2177","3rd","Female","Adult",1,"No"
"2178","3rd","Female","Adult",1,"No"
"2179","3rd","Female","Adult",1,"No"
"2180","3rd","Female","Adult",1,"No"
"2181","3rd","Female","Adult",1,"No"
"2182","3rd","Female","Adult",1,"No"
"2183","3rd","Female","Adult",1,"No"
"2184","3rd","Female","Adult",1,"No"
"2185","3rd","Female","Adult",1,"No"
"2186","3rd","Female","Adult",1,"No"
"2187","3rd","Female","Adult",1,"No"
"2188","3rd","Female","Adult",1,"No"
"2189","3rd","Female","Adult",1,"No"
"2190","3rd","Female","Adult",1,"No"
"2191","3rd","Female","Adult",1,"No"
"2192","3rd","Female","Adult",1,"No"
"2193","3rd","Female","Adult",1,"No"
"2194","3rd","Female","Adult",1,"No"
"2195","3rd","Female","Adult",1,"No"
"2196","3rd","Female","Adult",1,"No"
"2197","3rd","Female","Adult",1,"No"
"2198","3rd","Female","Adult",1,"No"
"2199","3rd","Female","Adult",1,"No"
"2200","3rd","Female","Adult",1,"No"
"2201","3rd","Female","Adult",1,"No"
"2202","3rd","Female","Adult",1,"No"
"2203","3rd","Female","Adult",1,"No"
"2204","3rd","Female","Adult",1,"No"
"2205","3rd","Female","Adult",1,"No"
"2206","Crew","Female","Adult",1,"Yes"
"2207","Crew","Female","Adult",1,"Yes"
"2208","Crew","Female","Adult",1,"Yes"
"2209","Crew","Female","Adult",1,"Yes"
"2210","Crew","Female","Adult",1,"Yes"
"2211","Crew","Female","Adult",1,"Yes"
"2212","Crew","Female","Adult",1,"Yes"
"2213","Crew","Female","Adult",1,"Yes"
"2214","Crew","Female","Adult",1,"Yes"
"2215","Crew","Female","Adult",1,"Yes"
"2216","Crew","Female","Adult",1,"Yes"
"2217","Crew","Female","Adult",1,"Yes"
"2218","Crew","Female","Adult",1,"Yes"
"2219","Crew","Female","Adult",1,"Yes"
"2220","Crew","Female","Adult",1,"Yes"
"2221","Crew","Female","Adult",1,"Yes"
"2222","Crew","Female","Adult",1,"No"
"2223","Crew","Female","Adult",1,"No"
"2224","Crew","Female","Adult",1,"No"